[2025-08-14T09:47:30.023] [INFO] debug-file - Finished :entry:assembleHap... after 1 ms 
[2025-08-14T09:47:30.034] [DEBUG] debug-file - BUILD SUCCESSFUL in 2 s 469 ms 
[2025-08-14T09:47:30.035] [DEBUG] debug-file - There is no need to refresh cache, since the incremental task entry:default@PreBuild is up-to-date.
[2025-08-14T09:47:30.035] [DEBUG] debug-file - Update task entry:default@CreateModuleInfo output file:C:\Users\xingqiliang.DC\Desktop\OpenHarmony_HeartBeat_Monitor\entry\build\default\generated\profile\default\ModuleInfo.ts cache.
[2025-08-14T09:47:30.035] [DEBUG] debug-file - Incremental task entry:default@CreateModuleInfo post-execution cost:1 ms .
[2025-08-14T09:47:30.035] [DEBUG] debug-file - There is no need to refresh cache, since the incremental task entry:default@GenerateMetadata is up-to-date.
[2025-08-14T09:47:30.035] [DEBUG] debug-file - There is no need to refresh cache, since the incremental task entry:default@MergeProfile is up-to-date.
[2025-08-14T09:47:30.035] [DEBUG] debug-file - There is no need to refresh cache, since the incremental task entry:default@CreateBuildProfile is up-to-date.
[2025-08-14T09:47:30.035] [DEBUG] debug-file - Update task entry:default@GeneratePkgContextInfo output file:C:\Users\xingqiliang.DC\Desktop\OpenHarmony_HeartBeat_Monitor\entry\build\default\intermediates\loader\default\pkgContextInfo.json cache.
[2025-08-14T09:47:30.036] [DEBUG] debug-file - Incremental task entry:default@GeneratePkgContextInfo post-execution cost:1 ms .
[2025-08-14T09:47:30.036] [DEBUG] debug-file - Update task entry:default@ProcessIntegratedHsp output file:C:\Users\xingqiliang.DC\Desktop\OpenHarmony_HeartBeat_Monitor\build\cache\default\integrated_hsp\integratedHspCache.json cache.
[2025-08-14T09:47:30.037] [DEBUG] debug-file - Incremental task entry:default@ProcessIntegratedHsp post-execution cost:1 ms .
[2025-08-14T09:47:30.037] [DEBUG] debug-file - There is no need to refresh cache, since the incremental task entry:default@MakePackInfo is up-to-date.
[2025-08-14T09:47:30.037] [DEBUG] debug-file - There is no need to refresh cache, since the incremental task entry:default@SyscapTransform is up-to-date.
[2025-08-14T09:47:30.037] [DEBUG] debug-file - There is no need to refresh cache, since the incremental task entry:default@ProcessProfile is up-to-date.
[2025-08-14T09:47:30.037] [DEBUG] debug-file - There is no need to refresh cache, since the incremental task entry:default@ProcessRouterMap is up-to-date.
[2025-08-14T09:47:30.037] [DEBUG] debug-file - There is no need to refresh cache, since the incremental task entry:default@ProcessResource is up-to-date.
[2025-08-14T09:47:30.037] [DEBUG] debug-file - There is no need to refresh cache, since the incremental task entry:default@GenerateLoaderJson is up-to-date.
[2025-08-14T09:47:30.037] [DEBUG] debug-file - There is no need to refresh cache, since the incremental task entry:default@ProcessLibs is up-to-date.
[2025-08-14T09:47:30.037] [DEBUG] debug-file - There is no need to refresh cache, since the incremental task entry:default@CompileResource is up-to-date.
[2025-08-14T09:47:30.037] [DEBUG] debug-file - There is no need to refresh cache, since the incremental task entry:default@DoNativeStrip is up-to-date.
[2025-08-14T09:47:30.037] [DEBUG] debug-file - There is no need to refresh cache, since the incremental task entry:default@CompileArkTS is up-to-date.
[2025-08-14T09:47:30.039] [DEBUG] debug-file - Update task entry:default@BuildJS input file:C:\Users\xingqiliang.DC\Desktop\OpenHarmony_HeartBeat_Monitor\entry\build\default\intermediates\loader\default cache by regenerate.
[2025-08-14T09:47:30.040] [DEBUG] debug-file - Update task entry:default@BuildJS input file:C:\Users\xingqiliang.DC\Desktop\OpenHarmony_HeartBeat_Monitor\entry\build\default\intermediates\res\default\ResourceTable.txt cache by regenerate.
[2025-08-14T09:47:30.040] [DEBUG] debug-file - Update task entry:default@BuildJS input file:C:\Users\xingqiliang.DC\Desktop\OpenHarmony_HeartBeat_Monitor\entry\build\default\intermediates\res\default\ark_module.json cache by regenerate.
[2025-08-14T09:47:30.040] [DEBUG] debug-file - Update task entry:default@BuildJS input file:C:\Users\xingqiliang.DC\Desktop\OpenHarmony_HeartBeat_Monitor\entry\build\default\intermediates\res\default\resources\base\profile cache by regenerate.
[2025-08-14T09:47:30.041] [DEBUG] debug-file - Update task entry:default@BuildJS output file:C:\Users\xingqiliang.DC\Desktop\OpenHarmony_HeartBeat_Monitor\entry\build\default\intermediates\loader_out\default\js cache.
[2025-08-14T09:47:30.041] [DEBUG] debug-file - Incremental task entry:default@BuildJS post-execution cost:5 ms .
[2025-08-14T09:47:30.041] [DEBUG] debug-file - There is no need to refresh cache, since the incremental task entry:default@CacheNativeLibs is up-to-date.
[2025-08-14T09:47:30.042] [DEBUG] debug-file - There is no need to refresh cache, since the incremental task entry:default@GeneratePkgModuleJson is up-to-date.
[2025-08-14T09:47:30.042] [DEBUG] debug-file - There is no need to refresh cache, since the incremental task entry:default@PackageHap is up-to-date.
[2025-08-14T09:47:30.042] [DEBUG] debug-file - There is no need to refresh cache, since the incremental task entry:default@SignHap is up-to-date.
[2025-08-14T09:47:30.043] [DEBUG] debug-file - Update task entry:default@CollectDebugSymbol input file:C:\Users\xingqiliang.DC\Desktop\OpenHarmony_HeartBeat_Monitor\entry\build\default\intermediates\loader_out\default\ets\sourceMaps.map cache by regenerate.
[2025-08-14T09:47:30.043] [DEBUG] debug-file - Update task entry:default@CollectDebugSymbol input file:C:\Users\xingqiliang.DC\Desktop\OpenHarmony_HeartBeat_Monitor\entry\build\default\intermediates\libs\default cache by regenerate.
[2025-08-14T09:47:30.044] [DEBUG] debug-file - Update task entry:default@CollectDebugSymbol output file:C:\Users\xingqiliang.DC\Desktop\OpenHarmony_HeartBeat_Monitor\entry\build\default\outputs\default\symbol cache.
[2025-08-14T09:47:30.044] [DEBUG] debug-file - Incremental task entry:default@CollectDebugSymbol post-execution cost:3 ms .
[2025-08-14T09:47:30.081] [DEBUG] debug-file - session manager: send message to worker process.
[2025-08-14T09:47:30.082] [DEBUG] debug-file - session manager: send message to worker process.
[2025-08-14T09:47:30.163] [DEBUG] debug-file - Current worker pool is stopped or closed.
[2025-08-14T09:47:30.164] [DEBUG] debug-file - Clear worker 0.
[2025-08-14T09:47:30.164] [DEBUG] debug-file - Worker 0 has been cleared.
[2025-08-14T09:47:30.164] [DEBUG] debug-file - Current idle worker size: 1.
[2025-08-14T09:47:30.164] [DEBUG] debug-file - Current busy worker size: 0.
[2025-08-14T09:47:30.164] [DEBUG] debug-file - Clear worker 1.
[2025-08-14T09:47:30.164] [DEBUG] debug-file - Worker 1 has been cleared.
[2025-08-14T09:47:30.164] [DEBUG] debug-file - Current idle worker size: 0.
[2025-08-14T09:47:30.164] [DEBUG] debug-file - Current busy worker size: 0.
[2025-08-14T09:47:30.166] [DEBUG] debug-file - hvigor build process will be closed.
[2025-08-14T09:47:30.174] [DEBUG] debug-file - worker[0] exits with exit code 1.
[2025-08-14T09:47:30.174] [DEBUG] debug-file - worker[1] exits with exit code 1.
[2025-08-14T09:47:30.175] [DEBUG] debug-file - Current worker pool is terminated.
[2025-08-14T09:47:30.177] [DEBUG] debug-file - watch worker: worker id should be larger than 0. Nothing will be sent to any worker thread.
[2025-08-14T09:47:30.177] [DEBUG] debug-file - watch worker: worker id should be larger than 0. Nothing will be sent to any worker thread.
[2025-08-15T09:50:37.932] [DEBUG] debug-file - env: nodejsVersion=v18.20.1
[2025-08-15T09:50:38.071] [DEBUG] debug-file - env: daemon=true
[2025-08-15T09:50:37.934] [DEBUG] debug-file - env: hvigor-config.json5 content = {
  modelVersion: '5.0.5',
  dependencies: {},
  execution: {},
  logging: {},
  debugging: {},
  nodeOptions: {}
}
[2025-08-15T09:50:38.894] [DEBUG] debug-file - java daemon tryConnect failed Error: connect ECONNREFUSED 127.0.0.1:45050
[2025-08-15T09:50:38.905] [DEBUG] debug-file - java daemon started at port 45050 pid 5920
[2025-08-15T09:50:38.981] [DEBUG] debug-file - session manager: set active socket. socketId=2VXELOSGe2JJ-JPsAAAB
[2025-08-15T09:50:39.558] [DEBUG] debug-file - watch worker: worker id should be larger than 0. Nothing will be sent to any worker thread.
[2025-08-15T09:50:39.573] [DEBUG] debug-file - Hvigor init with startParameters:{
  hvigorfileTypeCheck: false,
  parallelExecution: true,
  incrementalExecution: true,
  printStackTrace: false,
  daemon: true,
  analyze: 0,
  logLevel: Level { level: 20000, levelStr: 'INFO', colour: 'green' }
}
[2025-08-15T09:50:39.580] [DEBUG] debug-file - Cache service initialization finished in 8 ms 
[2025-08-15T09:50:39.590] [DEBUG] debug-file - hvigorfile, resolving C:\Users\xingqiliang.DC\Desktop\OpenHarmony_HeartBeat_Monitor\hvigorfile.ts
[2025-08-15T09:50:41.790] [DEBUG] debug-file - hvigorfile, require result:  { default: { plugins: [] } }
[2025-08-15T09:50:41.790] [DEBUG] debug-file - hvigorfile, binding system plugins null
[2025-08-15T09:50:41.927] [DEBUG] debug-file - Start initialize project's product build option map with build mode debug.
[2025-08-15T09:50:41.927] [DEBUG] debug-file - Picking option from product 'default' with build mode 'debug'.
[2025-08-15T09:50:41.928] [DEBUG] debug-file - Product 'default' build option: {}
[2025-08-15T09:50:41.928] [DEBUG] debug-file - End initialize project's product build option map with build mode 'debug'.
[2025-08-15T09:50:41.931] [DEBUG] debug-file - Product 'default' using build option: {
  "debuggable": true
} in this build.
[2025-08-15T09:50:41.947] [DEBUG] debug-file - Start recording SDK configuration permission data.
[2025-08-15T09:50:41.963] [DEBUG] debug-file - Sdk init in 23 ms 
[2025-08-15T09:50:41.978] [DEBUG] debug-file - Project task initialization takes 14 ms 
[2025-08-15T09:50:41.978] [DEBUG] debug-file - hvigorfile, binding custom plugins []
[2025-08-15T09:50:41.978] [DEBUG] debug-file - hvigorfile, no custom plugins were found in C:\Users\xingqiliang.DC\Desktop\OpenHarmony_HeartBeat_Monitor\hvigorfile.ts
[2025-08-15T09:50:41.978] [DEBUG] debug-file - hvigorfile, resolve finished C:\Users\xingqiliang.DC\Desktop\OpenHarmony_HeartBeat_Monitor\hvigorfile.ts
[2025-08-15T09:50:41.984] [DEBUG] debug-file - hvigorfile, resolving C:\Users\xingqiliang.DC\Desktop\OpenHarmony_HeartBeat_Monitor\entry\hvigorfile.ts
[2025-08-15T09:50:41.989] [DEBUG] debug-file - hvigorfile, require result:  { default: { plugins: [] } }
[2025-08-15T09:50:41.989] [DEBUG] debug-file - hvigorfile, binding system plugins null
[2025-08-15T09:50:41.999] [DEBUG] debug-file - Start initialize module-target build option map, moduleName=entry, buildMode=debug
[2025-08-15T09:50:41.999] [DEBUG] debug-file - Target 'default' config: {}
[2025-08-15T09:50:42.000] [DEBUG] debug-file - Target 'ohosTest' config: {}
[2025-08-15T09:50:42.000] [DEBUG] debug-file - Module 'entry' target 'default' build option: {
  "debuggable": true,
  "copyFrom": "default",
  "name": "debug"
}
[2025-08-15T09:50:42.000] [DEBUG] debug-file - Module 'entry' target 'ohosTest' build option: {
  "debuggable": true,
  "name": "default"
}
[2025-08-15T09:50:42.000] [DEBUG] debug-file - End initialize module-target build option map, moduleName=entry
[2025-08-15T09:50:42.000] [DEBUG] debug-file - Module 'entry' target 'default' using build option: {
  "debuggable": true,
  "copyFrom": "default",
  "name": "debug"
} in this build.
[2025-08-15T09:50:42.005] [DEBUG] debug-file - Module entry task initialization takes 4 ms 
[2025-08-15T09:50:42.005] [DEBUG] debug-file - hvigorfile, binding custom plugins []
[2025-08-15T09:50:42.005] [DEBUG] debug-file - hvigorfile, no custom plugins were found in C:\Users\xingqiliang.DC\Desktop\OpenHarmony_HeartBeat_Monitor\entry\hvigorfile.ts
[2025-08-15T09:50:42.005] [DEBUG] debug-file - hvigorfile, resolve finished C:\Users\xingqiliang.DC\Desktop\OpenHarmony_HeartBeat_Monitor\entry\hvigorfile.ts
[2025-08-15T09:50:42.061] [DEBUG] debug-file - hvigorfile, resolve hvigorfile dependencies in 55 ms 
[2025-08-15T09:50:42.062] [DEBUG] debug-file - project has submodules:entry
[2025-08-15T09:50:42.065] [DEBUG] debug-file - start to load updatedOhPackageInfo to the disk
[2025-08-15T09:50:42.109] [DEBUG] debug-file - load to the disk finished
[2025-08-15T09:50:42.110] [DEBUG] debug-file - Start to initialize dependency information.
[2025-08-15T09:50:42.120] [DEBUG] debug-file - Module OpenHarmony_HeartBeat_Monitor Collected Dependency: 
[2025-08-15T09:50:42.120] [DEBUG] debug-file - Module OpenHarmony_HeartBeat_Monitor's total dependency: 0
[2025-08-15T09:50:42.120] [DEBUG] debug-file - Start to initialize dependency information.
[2025-08-15T09:50:42.123] [DEBUG] debug-file - Module entry Collected Dependency: 
[2025-08-15T09:50:42.123] [DEBUG] debug-file - Module entry's total dependency: 0
[2025-08-15T09:50:42.128] [DEBUG] debug-file - Configuration phase cost:2 s 544 ms 
[2025-08-15T09:50:42.131] [DEBUG] debug-file - Configuration task cost before running: 2 s 569 ms 
[2025-08-15T09:50:42.131] [DEBUG] debug-file - Executing task :entry:init
[2025-08-15T09:50:42.131] [DEBUG] debug-file - entry : init cost memory 0.01548004150390625
[2025-08-15T09:50:42.132] [DEBUG] debug-file - runTaskFromQueue task cost before running: 2 s 570 ms 
[2025-08-15T09:50:42.132] [INFO] debug-file - Finished :entry:init... after 1 ms 
[2025-08-15T09:50:42.132] [DEBUG] debug-file - Executing task ::init
[2025-08-15T09:50:42.132] [DEBUG] debug-file - OpenHarmony_HeartBeat_Monitor : init cost memory 0.01280975341796875
[2025-08-15T09:50:42.132] [DEBUG] debug-file - runTaskFromQueue task cost before running: 2 s 571 ms 
[2025-08-15T09:50:42.132] [INFO] debug-file - Finished ::init... after 1 ms 
[2025-08-15T09:50:42.144] [DEBUG] debug-file - Module 'entry' target 'default' using build option: {
  "debuggable": true,
  "copyFrom": "default",
  "name": "debug"
} in this build.
[2025-08-15T09:50:42.147] [DEBUG] debug-file - Module 'entry' target 'ohosTest' using build option: {
  "debuggable": true,
  "name": "default"
} in this build.
[2025-08-15T09:50:42.157] [DEBUG] debug-file - session manager: send message to worker process.
[2025-08-15T09:50:42.161] [DEBUG] debug-file - session manager: send message to worker process.
[2025-08-15T09:50:42.333] [DEBUG] debug-file - Since there is no instance or instance is terminated, create a new worker pool.
[2025-08-15T09:50:42.333] [DEBUG] debug-file - Worker pool is initialized with config:  {
  minPoolNum: 2,
  maxPoolNum: undefined,
  maxCoreSize: undefined,
  cacheCapacity: undefined,
  cacheTtl: undefined
}
[2025-08-15T09:50:42.335] [DEBUG] debug-file - Create  resident worker with id: 0.
[2025-08-15T09:50:42.337] [DEBUG] debug-file - Create  resident worker with id: 1.
[2025-08-15T09:50:42.341] [DEBUG] debug-file - Cleanup worker 0.
[2025-08-15T09:50:42.342] [DEBUG] debug-file - Worker 0 has been cleaned up.
[2025-08-15T09:50:42.342] [DEBUG] debug-file - Current idle worker size: 1.
[2025-08-15T09:50:42.342] [DEBUG] debug-file - Current resident worker size: 2.
[2025-08-15T09:50:42.342] [DEBUG] debug-file - Cleanup worker 1.
[2025-08-15T09:50:42.342] [DEBUG] debug-file - Worker 1 has been cleaned up.
[2025-08-15T09:50:42.342] [DEBUG] debug-file - Current idle worker size: 0.
[2025-08-15T09:50:42.342] [DEBUG] debug-file - Current resident worker size: 2.
[2025-08-15T09:50:42.343] [DEBUG] debug-file - hvigor build process will be closed.
[2025-08-15T09:50:42.350] [DEBUG] debug-file - watch worker: worker id should be larger than 0. Nothing will be sent to any worker thread.
[2025-08-15T09:50:42.350] [DEBUG] debug-file - watch worker: worker id should be larger than 0. Nothing will be sent to any worker thread.
[2025-08-15T09:50:42.351] [DEBUG] debug-file - worker[0] exits with exit code 0.
[2025-08-15T09:50:42.351] [DEBUG] debug-file - worker[1] exits with exit code 0.
[2025-08-15T09:50:42.579] [DEBUG] debug-file - session manager: set active socket. socketId=Pp14tECySNWxQIL2AAAD
[2025-08-15T09:50:42.586] [DEBUG] debug-file - watch worker: worker id should be larger than 0. Nothing will be sent to any worker thread.
[2025-08-15T09:50:42.596] [DEBUG] debug-file - Hvigor init with startParameters:{
  hvigorfileTypeCheck: false,
  parallelExecution: true,
  incrementalExecution: true,
  printStackTrace: false,
  daemon: true,
  analyze: 0,
  logLevel: Level { level: 20000, levelStr: 'INFO', colour: 'green' }
}
[2025-08-15T09:50:42.600] [DEBUG] debug-file - Cache service initialization finished in 4 ms 
[2025-08-15T09:50:42.608] [DEBUG] debug-file - hvigorfile, resolving C:\Users\xingqiliang.DC\Desktop\OpenHarmony_HeartBeat_Monitor\hvigorfile.ts
[2025-08-15T09:50:42.612] [DEBUG] debug-file - hvigorfile, require result:  { default: { plugins: [] } }
[2025-08-15T09:50:42.612] [DEBUG] debug-file - hvigorfile, binding system plugins null
[2025-08-15T09:50:42.618] [DEBUG] debug-file - Start initialize project's product build option map with build mode debug.
[2025-08-15T09:50:42.618] [DEBUG] debug-file - Picking option from product 'default' with build mode 'debug'.
[2025-08-15T09:50:42.619] [DEBUG] debug-file - Product 'default' build option: {}
[2025-08-15T09:50:42.619] [DEBUG] debug-file - End initialize project's product build option map with build mode 'debug'.
[2025-08-15T09:50:42.621] [DEBUG] debug-file - Product 'default' using build option: {
  "debuggable": true
} in this build.
[2025-08-15T09:50:42.632] [DEBUG] debug-file - Start recording SDK configuration permission data.
[2025-08-15T09:50:42.645] [DEBUG] debug-file - Sdk init in 18 ms 
[2025-08-15T09:50:42.658] [DEBUG] debug-file - Project task initialization takes 13 ms 
[2025-08-15T09:50:42.659] [DEBUG] debug-file - hvigorfile, binding custom plugins []
[2025-08-15T09:50:42.659] [DEBUG] debug-file - hvigorfile, no custom plugins were found in C:\Users\xingqiliang.DC\Desktop\OpenHarmony_HeartBeat_Monitor\hvigorfile.ts
[2025-08-15T09:50:42.659] [DEBUG] debug-file - hvigorfile, resolve finished C:\Users\xingqiliang.DC\Desktop\OpenHarmony_HeartBeat_Monitor\hvigorfile.ts
[2025-08-15T09:50:42.663] [DEBUG] debug-file - hvigorfile, resolving C:\Users\xingqiliang.DC\Desktop\OpenHarmony_HeartBeat_Monitor\entry\hvigorfile.ts
[2025-08-15T09:50:42.666] [DEBUG] debug-file - hvigorfile, require result:  { default: { plugins: [] } }
[2025-08-15T09:50:42.666] [DEBUG] debug-file - hvigorfile, binding system plugins null
[2025-08-15T09:50:42.670] [DEBUG] debug-file - Start initialize module-target build option map, moduleName=entry, buildMode=debug
[2025-08-15T09:50:42.670] [DEBUG] debug-file - Target 'default' config: {}
[2025-08-15T09:50:42.671] [DEBUG] debug-file - Target 'ohosTest' config: {}
[2025-08-15T09:50:42.671] [DEBUG] debug-file - Module 'entry' target 'default' build option: {
  "debuggable": true,
  "copyFrom": "default",
  "name": "debug"
}
[2025-08-15T09:50:42.671] [DEBUG] debug-file - Module 'entry' target 'ohosTest' build option: {
  "debuggable": true,
  "name": "default"
}
[2025-08-15T09:50:42.671] [DEBUG] debug-file - End initialize module-target build option map, moduleName=entry
[2025-08-15T09:50:42.671] [DEBUG] debug-file - Module 'entry' target 'default' using build option: {
  "debuggable": true,
  "copyFrom": "default",
  "name": "debug"
} in this build.
[2025-08-15T09:50:42.673] [DEBUG] debug-file - Module entry task initialization takes 1 ms 
[2025-08-15T09:50:42.673] [DEBUG] debug-file - hvigorfile, binding custom plugins []
[2025-08-15T09:50:42.673] [DEBUG] debug-file - hvigorfile, no custom plugins were found in C:\Users\xingqiliang.DC\Desktop\OpenHarmony_HeartBeat_Monitor\entry\hvigorfile.ts
[2025-08-15T09:50:42.673] [DEBUG] debug-file - hvigorfile, resolve finished C:\Users\xingqiliang.DC\Desktop\OpenHarmony_HeartBeat_Monitor\entry\hvigorfile.ts
[2025-08-15T09:50:42.761] [DEBUG] debug-file - hvigorfile, resolve hvigorfile dependencies in 87 ms 
[2025-08-15T09:50:42.762] [DEBUG] debug-file - project has submodules:entry
[2025-08-15T09:50:42.765] [DEBUG] debug-file - start to load updatedOhPackageInfo to the disk
[2025-08-15T09:50:42.784] [DEBUG] debug-file - load to the disk finished
[2025-08-15T09:50:42.804] [DEBUG] debug-file - Start to initialize dependency information.
[2025-08-15T09:50:42.813] [DEBUG] debug-file - Module OpenHarmony_HeartBeat_Monitor Collected Dependency: 
[2025-08-15T09:50:42.813] [DEBUG] debug-file - Module OpenHarmony_HeartBeat_Monitor's total dependency: 0
[2025-08-15T09:50:42.813] [DEBUG] debug-file - Start to initialize dependency information.
[2025-08-15T09:50:42.816] [DEBUG] debug-file - Module entry Collected Dependency: 
[2025-08-15T09:50:42.817] [DEBUG] debug-file - Module entry's total dependency: 0
[2025-08-15T09:50:42.846] [DEBUG] debug-file - Configuration phase cost:242 ms 
[2025-08-15T09:50:42.850] [DEBUG] debug-file - Configuration task cost before running: 262 ms 
[2025-08-15T09:50:42.861] [DEBUG] debug-file - jsonObjWithoutParam {} at undefined
[2025-08-15T09:50:42.861] [DEBUG] debug-file - jsonObjWithoutParam {"name":"entry","version":"1.0.0","description":"Please describe the basic information.","main":"","author":"","license":"","dependencies":{}} at undefined
[2025-08-15T09:50:42.893] [DEBUG] debug-file - Executing task :entry:default@PreBuild
[2025-08-15T09:50:42.906] [DEBUG] debug-file - Incremental task entry:default@PreBuild pre-execution cost: 7 ms .
[2025-08-15T09:50:42.906] [DEBUG] debug-file - entry : default@PreBuild cost memory 0.5798263549804688
[2025-08-15T09:50:42.908] [INFO] debug-file - UP-TO-DATE :entry:default@PreBuild...  
[2025-08-15T09:50:42.910] [DEBUG] debug-file - jsonObjWithoutParam {} at undefined
[2025-08-15T09:50:42.910] [DEBUG] debug-file - jsonObjWithoutParam {"name":"entry","version":"1.0.0","description":"Please describe the basic information.","main":"","author":"","license":"","dependencies":{}} at undefined
[2025-08-15T09:50:42.910] [DEBUG] debug-file - Executing task :entry:default@CreateModuleInfo
[2025-08-15T09:50:42.911] [DEBUG] debug-file - Task 'entry:default@CreateModuleInfo' cost while wrapping incremental declarations: 1 ms 
[2025-08-15T09:50:42.912] [DEBUG] debug-file - entry : default@CreateModuleInfo cost memory 0.06089019775390625
[2025-08-15T09:50:42.912] [DEBUG] debug-file - runTaskFromQueue task cost before running: 324 ms 
[2025-08-15T09:50:42.913] [INFO] debug-file - Finished :entry:default@CreateModuleInfo... after 2 ms 
[2025-08-15T09:50:42.914] [DEBUG] debug-file - jsonObjWithoutParam {} at undefined
[2025-08-15T09:50:42.914] [DEBUG] debug-file - jsonObjWithoutParam {"name":"entry","version":"1.0.0","description":"Please describe the basic information.","main":"","author":"","license":"","dependencies":{}} at undefined
[2025-08-15T09:50:42.915] [DEBUG] debug-file - Executing task :entry:default@MergeProfile
[2025-08-15T09:50:42.921] [DEBUG] debug-file - entry:default@MergeProfile is not up-to-date, since the task snapshots are different.
[2025-08-15T09:50:42.921] [DEBUG] debug-file - Incremental task entry:default@MergeProfile pre-execution cost: 6 ms .
[2025-08-15T09:50:42.922] [DEBUG] debug-file - jsonObjWithoutParam {} at undefined
[2025-08-15T09:50:42.922] [DEBUG] debug-file - jsonObjWithoutParam {"name":"entry","version":"1.0.0","description":"Please describe the basic information.","main":"","author":"","license":"","dependencies":{}} at undefined
[2025-08-15T09:50:42.922] [DEBUG] debug-file - Change app api release type with 'Release'
[2025-08-15T09:50:42.922] [DEBUG] debug-file - Change app compile API version with '5.0.0.71'
[2025-08-15T09:50:42.922] [DEBUG] debug-file - Change app target API version with '12'
[2025-08-15T09:50:42.922] [DEBUG] debug-file - Change app minimum API version with '12'
[2025-08-15T09:50:42.922] [DEBUG] debug-file - Use cli appEnvironment
[2025-08-15T09:50:42.927] [DEBUG] debug-file - entry : default@MergeProfile cost memory -7.6776275634765625
[2025-08-15T09:50:42.927] [DEBUG] debug-file - runTaskFromQueue task cost before running: 339 ms 
[2025-08-15T09:50:42.928] [INFO] debug-file - Finished :entry:default@MergeProfile... after 13 ms 
[2025-08-15T09:50:42.930] [DEBUG] debug-file - jsonObjWithoutParam {} at undefined
[2025-08-15T09:50:42.930] [DEBUG] debug-file - jsonObjWithoutParam {"name":"entry","version":"1.0.0","description":"Please describe the basic information.","main":"","author":"","license":"","dependencies":{}} at undefined
[2025-08-15T09:50:42.931] [DEBUG] debug-file - Executing task :entry:default@CreateBuildProfile
[2025-08-15T09:50:42.932] [DEBUG] debug-file - Task 'entry:default@CreateBuildProfile' cost while wrapping incremental declarations: 1 ms 
[2025-08-15T09:50:42.933] [DEBUG] debug-file - entry:default@CreateBuildProfile is not up-to-date, since the task snapshots are different.
[2025-08-15T09:50:42.933] [DEBUG] debug-file - Incremental task entry:default@CreateBuildProfile pre-execution cost: 2 ms .
[2025-08-15T09:50:42.933] [DEBUG] debug-file - jsonObjWithoutParam {} at undefined
[2025-08-15T09:50:42.933] [DEBUG] debug-file - jsonObjWithoutParam {"name":"entry","version":"1.0.0","description":"Please describe the basic information.","main":"","author":"","license":"","dependencies":{}} at undefined
[2025-08-15T09:50:42.935] [DEBUG] debug-file - entry : default@CreateBuildProfile cost memory 0.16724395751953125
[2025-08-15T09:50:42.935] [DEBUG] debug-file - runTaskFromQueue task cost before running: 347 ms 
[2025-08-15T09:50:42.935] [INFO] debug-file - Finished :entry:default@CreateBuildProfile... after 5 ms 
[2025-08-15T09:50:42.937] [DEBUG] debug-file - jsonObjWithoutParam {} at undefined
[2025-08-15T09:50:42.937] [DEBUG] debug-file - jsonObjWithoutParam {"name":"entry","version":"1.0.0","description":"Please describe the basic information.","main":"","author":"","license":"","dependencies":{}} at undefined
[2025-08-15T09:50:42.937] [DEBUG] debug-file - Executing task :entry:default@PreCheckSyscap
[2025-08-15T09:50:42.938] [DEBUG] debug-file - jsonObjWithoutParam {} at undefined
[2025-08-15T09:50:42.938] [DEBUG] debug-file - jsonObjWithoutParam {"name":"entry","version":"1.0.0","description":"Please describe the basic information.","main":"","author":"","license":"","dependencies":{}} at undefined
[2025-08-15T09:50:42.938] [DEBUG] debug-file - entry : default@PreCheckSyscap cost memory 0.04064178466796875
[2025-08-15T09:50:42.938] [DEBUG] debug-file - runTaskFromQueue task cost before running: 350 ms 
[2025-08-15T09:50:42.938] [INFO] debug-file - Finished :entry:default@PreCheckSyscap... after 1 ms 
[2025-08-15T09:50:42.940] [DEBUG] debug-file - jsonObjWithoutParam {} at undefined
[2025-08-15T09:50:42.940] [DEBUG] debug-file - jsonObjWithoutParam {"name":"entry","version":"1.0.0","description":"Please describe the basic information.","main":"","author":"","license":"","dependencies":{}} at undefined
[2025-08-15T09:50:42.947] [DEBUG] debug-file - Executing task :entry:default@GeneratePkgContextInfo
[2025-08-15T09:50:42.948] [DEBUG] debug-file - Task 'entry:default@GeneratePkgContextInfo' cost while wrapping incremental declarations: 1 ms 
[2025-08-15T09:50:42.948] [DEBUG] debug-file - entry : default@GeneratePkgContextInfo cost memory 0.03945159912109375
[2025-08-15T09:50:42.949] [DEBUG] debug-file - runTaskFromQueue task cost before running: 360 ms 
[2025-08-15T09:50:42.949] [INFO] debug-file - Finished :entry:default@GeneratePkgContextInfo... after 2 ms 
[2025-08-15T09:50:42.951] [DEBUG] debug-file - jsonObjWithoutParam {} at undefined
[2025-08-15T09:50:42.951] [DEBUG] debug-file - jsonObjWithoutParam {"name":"entry","version":"1.0.0","description":"Please describe the basic information.","main":"","author":"","license":"","dependencies":{}} at undefined
[2025-08-15T09:50:42.953] [DEBUG] debug-file - Executing task :entry:default@ProcessProfile
[2025-08-15T09:50:42.955] [DEBUG] debug-file - entry:default@ProcessProfile is not up-to-date, since the input file 'C:\Users\xingqiliang.DC\Desktop\OpenHarmony_HeartBeat_Monitor\entry\.preview\default\intermediates\merge_profile\default\module.json' has been changed.
[2025-08-15T09:50:42.955] [DEBUG] debug-file - Incremental task entry:default@ProcessProfile pre-execution cost: 1 ms .
[2025-08-15T09:50:42.955] [DEBUG] debug-file - jsonObjWithoutParam {} at undefined
[2025-08-15T09:50:42.955] [DEBUG] debug-file - jsonObjWithoutParam {"name":"entry","version":"1.0.0","description":"Please describe the basic information.","main":"","author":"","license":"","dependencies":{}} at undefined
[2025-08-15T09:50:42.957] [DEBUG] debug-file - [
  'C:\\Users\\xingqiliang.DC\\AppData\\Local\\Huawei\\DevEco Studio\\tools\\node\\node.exe',
  'C:\\Users\\xingqiliang.DC\\AppData\\Local\\OpenHarmony\\Sdk\\12\\ets\\build-tools\\ets-loader\\bin\\ark\\ts2abc.js',
  '--target-api-version',
  '12',
  '--target-api-sub-version',
  'beta1'
]
[2025-08-15T09:50:43.221] [DEBUG] debug-file - 12.0.2.0
[2025-08-15T09:50:43.224] [DEBUG] debug-file - entry : default@ProcessProfile cost memory 2.2104110717773438
[2025-08-15T09:50:43.224] [DEBUG] debug-file - runTaskFromQueue task cost before running: 636 ms 
[2025-08-15T09:50:43.225] [INFO] debug-file - Finished :entry:default@ProcessProfile... after 272 ms 
[2025-08-15T09:50:43.226] [DEBUG] debug-file - jsonObjWithoutParam {} at undefined
[2025-08-15T09:50:43.227] [DEBUG] debug-file - jsonObjWithoutParam {"name":"entry","version":"1.0.0","description":"Please describe the basic information.","main":"","author":"","license":"","dependencies":{}} at undefined
[2025-08-15T09:50:43.228] [DEBUG] debug-file - Executing task :entry:default@ProcessRouterMap
[2025-08-15T09:50:43.231] [DEBUG] debug-file - entry:default@ProcessRouterMap is not up-to-date, since the task snapshots are different.
[2025-08-15T09:50:43.231] [DEBUG] debug-file - Incremental task entry:default@ProcessRouterMap pre-execution cost: 3 ms .
[2025-08-15T09:50:43.231] [DEBUG] debug-file - jsonObjWithoutParam {} at undefined
[2025-08-15T09:50:43.231] [DEBUG] debug-file - jsonObjWithoutParam {"name":"entry","version":"1.0.0","description":"Please describe the basic information.","main":"","author":"","license":"","dependencies":{}} at undefined
[2025-08-15T09:50:43.233] [DEBUG] debug-file - entry : default@ProcessRouterMap cost memory 0.2000579833984375
[2025-08-15T09:50:43.233] [DEBUG] debug-file - runTaskFromQueue task cost before running: 645 ms 
[2025-08-15T09:50:43.234] [INFO] debug-file - Finished :entry:default@ProcessRouterMap... after 6 ms 
[2025-08-15T09:50:43.236] [DEBUG] debug-file - jsonObjWithoutParam {} at undefined
[2025-08-15T09:50:43.236] [DEBUG] debug-file - jsonObjWithoutParam {"name":"entry","version":"1.0.0","description":"Please describe the basic information.","main":"","author":"","license":"","dependencies":{}} at undefined
[2025-08-15T09:50:43.238] [DEBUG] debug-file - restool module names: entry; moduleName=entry, taskName=default@PreviewProcessResource
[2025-08-15T09:50:43.240] [DEBUG] debug-file - Executing task :entry:default@PreviewProcessResource
[2025-08-15T09:50:43.241] [DEBUG] debug-file - jsonObjWithoutParam {} at undefined
[2025-08-15T09:50:43.241] [DEBUG] debug-file - jsonObjWithoutParam {"name":"entry","version":"1.0.0","description":"Please describe the basic information.","main":"","author":"","license":"","dependencies":{}} at undefined
[2025-08-15T09:50:43.241] [DEBUG] debug-file - entry : default@PreviewProcessResource cost memory 0.199127197265625
[2025-08-15T09:50:43.242] [DEBUG] debug-file - runTaskFromQueue task cost before running: 653 ms 
[2025-08-15T09:50:43.243] [INFO] debug-file - Finished :entry:default@PreviewProcessResource... after 2 ms 
[2025-08-15T09:50:43.244] [DEBUG] debug-file - jsonObjWithoutParam {} at undefined
[2025-08-15T09:50:43.244] [DEBUG] debug-file - jsonObjWithoutParam {"name":"entry","version":"1.0.0","description":"Please describe the basic information.","main":"","author":"","license":"","dependencies":{}} at undefined
[2025-08-15T09:50:43.247] [DEBUG] debug-file - Executing task :entry:default@GenerateLoaderJson
[2025-08-15T09:50:43.260] [DEBUG] debug-file - entry:default@GenerateLoaderJson is not up-to-date, since the input file 'C:\Users\xingqiliang.DC\Desktop\OpenHarmony_HeartBeat_Monitor\entry\.preview\default\intermediates\router_map\default\temp-router-map.json' has been changed.
[2025-08-15T09:50:43.260] [DEBUG] debug-file - Incremental task entry:default@GenerateLoaderJson pre-execution cost: 6 ms .
[2025-08-15T09:50:43.266] [DEBUG] debug-file - entry : default@GenerateLoaderJson cost memory 1.3670654296875
[2025-08-15T09:50:43.267] [DEBUG] debug-file - runTaskFromQueue task cost before running: 678 ms 
[2025-08-15T09:50:43.270] [INFO] debug-file - Finished :entry:default@GenerateLoaderJson... after 20 ms 
[2025-08-15T09:50:43.272] [DEBUG] debug-file - jsonObjWithoutParam {} at undefined
[2025-08-15T09:50:43.272] [DEBUG] debug-file - jsonObjWithoutParam {"name":"entry","version":"1.0.0","description":"Please describe the basic information.","main":"","author":"","license":"","dependencies":{}} at undefined
[2025-08-15T09:50:43.273] [DEBUG] debug-file - restool module names: entry; moduleName=entry, taskName=default@PreviewCompileResource
[2025-08-15T09:50:43.274] [DEBUG] debug-file - Executing task :entry:default@PreviewCompileResource
[2025-08-15T09:50:43.290] [DEBUG] debug-file - entry:default@PreviewCompileResource is not up-to-date, since the input file 'C:\Users\xingqiliang.DC\Desktop\OpenHarmony_HeartBeat_Monitor\entry\.preview\default\intermediates\merge_profile\default\module.json' has been changed.
[2025-08-15T09:50:43.290] [DEBUG] debug-file - Incremental task entry:default@PreviewCompileResource pre-execution cost: 15 ms .
[2025-08-15T09:50:43.380] [DEBUG] debug-file - Use tool [C:\Users\xingqiliang.DC\AppData\Local\OpenHarmony\Sdk\12\toolchains\restool.exe]
 [
  'C:\\Users\\xingqiliang.DC\\AppData\\Local\\OpenHarmony\\Sdk\\12\\toolchains\\restool.exe',
  '-x',
  'C:\\Users\\xingqiliang.DC\\Desktop\\OpenHarmony_HeartBeat_Monitor\\AppScope\\resources',
  '-o',
  'C:\\Users\\xingqiliang.DC\\Desktop\\OpenHarmony_HeartBeat_Monitor\\entry\\.preview\\default\\intermediates\\res\\default\\app_compiled'
]
[2025-08-15T09:50:43.381] [DEBUG] debug-file - current process  memoryUsage: {
  rss: 236187648,
  heapTotal: 171773952,
  heapUsed: 113664320,
  external: 3066630,
  arrayBuffers: 60603
} os memoryUsage :9.276634216308594
[2025-08-15T09:50:43.437] [DEBUG] debug-file - Info: restool resources compile success.

[2025-08-15T09:50:43.441] [DEBUG] debug-file - Use tool [C:\Users\xingqiliang.DC\AppData\Local\OpenHarmony\Sdk\12\toolchains\restool.exe]
 [
  'C:\\Users\\xingqiliang.DC\\AppData\\Local\\OpenHarmony\\Sdk\\12\\toolchains\\restool.exe',
  '-x',
  'C:\\Users\\xingqiliang.DC\\Desktop\\OpenHarmony_HeartBeat_Monitor\\entry\\src\\main\\resources',
  '-o',
  'C:\\Users\\xingqiliang.DC\\Desktop\\OpenHarmony_HeartBeat_Monitor\\entry\\.preview\\default\\intermediates\\res\\default\\module_compiled'
]
[2025-08-15T09:50:43.442] [DEBUG] debug-file - current process  memoryUsage: {
  rss: 236240896,
  heapTotal: 171773952,
  heapUsed: 113932832,
  external: 3074948,
  arrayBuffers: 68936
} os memoryUsage :9.267616271972656
[2025-08-15T09:50:43.496] [DEBUG] debug-file - Info: restool resources compile success.

[2025-08-15T09:50:43.501] [DEBUG] debug-file - Use tool [C:\Users\xingqiliang.DC\AppData\Local\OpenHarmony\Sdk\12\toolchains\restool.exe]
 [
  'C:\\Users\\xingqiliang.DC\\AppData\\Local\\OpenHarmony\\Sdk\\12\\toolchains\\restool.exe',
  '-m',
  'entry',
  '-f',
  '-j',
  'C:\\Users\\xingqiliang.DC\\Desktop\\OpenHarmony_HeartBeat_Monitor\\entry\\.preview\\default\\intermediates\\process_profile\\default\\module.json',
  '-p',
  'c***p',
  '-r',
  'C:\\Users\\xingqiliang.DC\\Desktop\\OpenHarmony_HeartBeat_Monitor\\entry\\.preview\\default\\generated\\r\\default\\ResourceTable.h',
  '-z',
  '--ids',
  'C:\\Users\\xingqiliang.DC\\Desktop\\OpenHarmony_HeartBeat_Monitor\\entry\\.preview\\default\\intermediates\\res\\default\\ids_map',
  '--defined-ids',
  'C:\\Users\\xingqiliang.DC\\Desktop\\OpenHarmony_HeartBeat_Monitor\\entry\\.preview\\default\\intermediates\\res\\default\\ids_map\\id_defined.json',
  '-i',
  'C:\\Users\\xingqiliang.DC\\Desktop\\OpenHarmony_HeartBeat_Monitor\\entry\\.preview\\default\\intermediates\\res\\default\\app_compiled',
  '-i',
  'C:\\Users\\xingqiliang.DC\\Desktop\\OpenHarmony_HeartBeat_Monitor\\entry\\.preview\\default\\intermediates\\res\\default\\module_compiled',
  '-o',
  'C:\\Users\\xingqiliang.DC\\Desktop\\OpenHarmony_HeartBeat_Monitor\\entry\\.preview\\default\\intermediates\\res\\default'
]
[2025-08-15T09:50:43.502] [DEBUG] debug-file - current process  memoryUsage: {
  rss: 236261376,
  heapTotal: 171773952,
  heapUsed: 114217800,
  external: 3075074,
  arrayBuffers: 70116
} os memoryUsage :9.274490356445312
[2025-08-15T09:50:43.639] [DEBUG] debug-file - Info: restool resources compile success.

[2025-08-15T09:50:43.646] [DEBUG] debug-file - entry : default@PreviewCompileResource cost memory -34.78538513183594
[2025-08-15T09:50:43.647] [DEBUG] debug-file - runTaskFromQueue task cost before running: 1 s 58 ms 
[2025-08-15T09:50:43.647] [INFO] debug-file - Finished :entry:default@PreviewCompileResource... after 373 ms 
[2025-08-15T09:50:43.649] [DEBUG] debug-file - jsonObjWithoutParam {} at undefined
[2025-08-15T09:50:43.649] [DEBUG] debug-file - jsonObjWithoutParam {"name":"entry","version":"1.0.0","description":"Please describe the basic information.","main":"","author":"","license":"","dependencies":{}} at undefined
[2025-08-15T09:50:43.649] [DEBUG] debug-file - Executing task :entry:default@PreviewHookCompileResource
[2025-08-15T09:50:43.649] [DEBUG] debug-file - jsonObjWithoutParam {} at undefined
[2025-08-15T09:50:43.649] [DEBUG] debug-file - jsonObjWithoutParam {"name":"entry","version":"1.0.0","description":"Please describe the basic information.","main":"","author":"","license":"","dependencies":{}} at undefined
[2025-08-15T09:50:43.649] [DEBUG] debug-file - entry : default@PreviewHookCompileResource cost memory 0.03914642333984375
[2025-08-15T09:50:43.649] [DEBUG] debug-file - runTaskFromQueue task cost before running: 1 s 61 ms 
[2025-08-15T09:50:43.649] [INFO] debug-file - Finished :entry:default@PreviewHookCompileResource... after 1 ms 
[2025-08-15T09:50:43.651] [DEBUG] debug-file - jsonObjWithoutParam {} at undefined
[2025-08-15T09:50:43.651] [DEBUG] debug-file - jsonObjWithoutParam {"name":"entry","version":"1.0.0","description":"Please describe the basic information.","main":"","author":"","license":"","dependencies":{}} at undefined
[2025-08-15T09:50:43.651] [DEBUG] debug-file - Executing task :entry:default@CopyPreviewProfile
[2025-08-15T09:50:43.652] [DEBUG] debug-file - entry:default@CopyPreviewProfile is not up-to-date, since the output file 'C:\Users\xingqiliang.DC\Desktop\OpenHarmony_HeartBeat_Monitor\entry\.preview\default\intermediates\res\default\resources\base\profile' does not exist.
[2025-08-15T09:50:43.653] [DEBUG] debug-file - Incremental task entry:default@CopyPreviewProfile pre-execution cost: 1 ms .
[2025-08-15T09:50:43.653] [DEBUG] debug-file - jsonObjWithoutParam {} at undefined
[2025-08-15T09:50:43.653] [DEBUG] debug-file - jsonObjWithoutParam {"name":"entry","version":"1.0.0","description":"Please describe the basic information.","main":"","author":"","license":"","dependencies":{}} at undefined
[2025-08-15T09:50:43.658] [DEBUG] debug-file - entry : default@CopyPreviewProfile cost memory 0.36348724365234375
[2025-08-15T09:50:43.658] [DEBUG] debug-file - runTaskFromQueue task cost before running: 1 s 70 ms 
[2025-08-15T09:50:43.659] [INFO] debug-file - Finished :entry:default@CopyPreviewProfile... after 8 ms 
[2025-08-15T09:50:43.660] [DEBUG] debug-file - jsonObjWithoutParam {} at undefined
[2025-08-15T09:50:43.660] [DEBUG] debug-file - jsonObjWithoutParam {"name":"entry","version":"1.0.0","description":"Please describe the basic information.","main":"","author":"","license":"","dependencies":{}} at undefined
[2025-08-15T09:50:43.661] [DEBUG] debug-file - Executing task :entry:default@ReplacePreviewerPage
[2025-08-15T09:50:43.661] [DEBUG] debug-file - jsonObjWithoutParam {} at undefined
[2025-08-15T09:50:43.661] [DEBUG] debug-file - jsonObjWithoutParam {"name":"entry","version":"1.0.0","description":"Please describe the basic information.","main":"","author":"","license":"","dependencies":{}} at undefined
[2025-08-15T09:50:43.661] [DEBUG] debug-file - entry : default@ReplacePreviewerPage cost memory 0.03885650634765625
[2025-08-15T09:50:43.661] [DEBUG] debug-file - runTaskFromQueue task cost before running: 1 s 73 ms 
[2025-08-15T09:50:43.662] [INFO] debug-file - Finished :entry:default@ReplacePreviewerPage... after 1 ms 
[2025-08-15T09:50:43.663] [DEBUG] debug-file - Executing task :entry:buildPreviewerResource
[2025-08-15T09:50:43.663] [DEBUG] debug-file - entry : buildPreviewerResource cost memory 0.01190948486328125
[2025-08-15T09:50:43.663] [DEBUG] debug-file - runTaskFromQueue task cost before running: 1 s 75 ms 
[2025-08-15T09:50:43.663] [INFO] debug-file - Finished :entry:buildPreviewerResource... after 1 ms 
[2025-08-15T09:50:43.665] [DEBUG] debug-file - jsonObjWithoutParam {} at undefined
[2025-08-15T09:50:43.665] [DEBUG] debug-file - jsonObjWithoutParam {"name":"entry","version":"1.0.0","description":"Please describe the basic information.","main":"","author":"","license":"","dependencies":{}} at undefined
[2025-08-15T09:50:43.665] [DEBUG] debug-file - Executing task :entry:default@PreviewUpdateAssets
[2025-08-15T09:50:43.666] [DEBUG] debug-file - entry:default@PreviewUpdateAssets is not up-to-date, since the output file 'C:\Users\xingqiliang.DC\Desktop\OpenHarmony_HeartBeat_Monitor\entry\.preview\default\intermediates\res\default\module.json' has been changed.
[2025-08-15T09:50:43.667] [DEBUG] debug-file - Incremental task entry:default@PreviewUpdateAssets pre-execution cost: 1 ms .
[2025-08-15T09:50:43.667] [DEBUG] debug-file - jsonObjWithoutParam {} at undefined
[2025-08-15T09:50:43.667] [DEBUG] debug-file - jsonObjWithoutParam {"name":"entry","version":"1.0.0","description":"Please describe the basic information.","main":"","author":"","license":"","dependencies":{}} at undefined
[2025-08-15T09:50:43.668] [DEBUG] debug-file - entry : default@PreviewUpdateAssets cost memory 0.14562225341796875
[2025-08-15T09:50:43.668] [DEBUG] debug-file - runTaskFromQueue task cost before running: 1 s 80 ms 
[2025-08-15T09:50:43.669] [INFO] debug-file - Finished :entry:default@PreviewUpdateAssets... after 3 ms 
[2025-08-15T09:50:43.670] [DEBUG] debug-file - jsonObjWithoutParam {} at undefined
[2025-08-15T09:50:43.670] [DEBUG] debug-file - jsonObjWithoutParam {"name":"entry","version":"1.0.0","description":"Please describe the basic information.","main":"","author":"","license":"","dependencies":{}} at undefined
[2025-08-15T09:50:43.674] [DEBUG] debug-file - Executing task :entry:default@PreviewArkTS
[2025-08-15T09:50:43.694] [DEBUG] debug-file - session manager: binding session. socketId=Pp14tECySNWxQIL2AAAD, threadId=1@1.
[2025-08-15T09:50:43.697] [DEBUG] debug-file - entry : default@PreviewArkTS cost memory 1.380126953125
[2025-08-15T09:50:46.621] [DEBUG] debug-file - watch worker: send response to session manager. Response type: WatchStart
[2025-08-15T09:50:46.622] [DEBUG] debug-file - session manager: watch message received from worker 1. Type: WatchStart
[2025-08-15T09:50:51.525] [DEBUG] debug-file - watch worker: send response to session manager. Response type: WatchLog
[2025-08-15T09:50:51.526] [DEBUG] debug-file - session manager: watch message received from worker 1. Type: WatchLog
[2025-08-15T09:50:51.526] [DEBUG] debug-file - watch worker: send response to session manager. Response type: WatchLog
[2025-08-15T09:50:51.528] [DEBUG] debug-file - session manager: watch message received from worker 1. Type: WatchLog
[2025-08-15T09:50:51.527] [DEBUG] debug-file - watch worker: send response to session manager. Response type: WatchLog
[2025-08-15T09:50:51.529] [DEBUG] debug-file - session manager: watch message received from worker 1. Type: WatchLog
[2025-08-15T09:50:51.528] [DEBUG] debug-file - watch worker: send response to session manager. Response type: WatchLog
[2025-08-15T09:50:51.530] [DEBUG] debug-file - session manager: watch message received from worker 1. Type: WatchLog
[2025-08-15T09:50:51.528] [DEBUG] debug-file - watch worker: send response to session manager. Response type: WatchLog
[2025-08-15T09:50:51.532] [DEBUG] debug-file - session manager: watch message received from worker 1. Type: WatchLog
[2025-08-15T09:50:51.529] [DEBUG] debug-file - watch worker: send response to session manager. Response type: WatchLog
[2025-08-15T09:50:51.533] [DEBUG] debug-file - session manager: watch message received from worker 1. Type: WatchLog
[2025-08-15T09:50:51.529] [DEBUG] debug-file - watch worker: send response to session manager. Response type: WatchLog
[2025-08-15T09:50:51.534] [DEBUG] debug-file - session manager: watch message received from worker 1. Type: WatchLog
[2025-08-15T09:50:51.530] [DEBUG] debug-file - watch worker: send response to session manager. Response type: WatchLog
[2025-08-15T09:50:51.536] [DEBUG] debug-file - session manager: watch message received from worker 1. Type: WatchLog
[2025-08-15T09:50:51.530] [DEBUG] debug-file - watch worker: send response to session manager. Response type: WatchLog
[2025-08-15T09:50:51.537] [DEBUG] debug-file - session manager: watch message received from worker 1. Type: WatchLog
[2025-08-15T09:50:51.531] [DEBUG] debug-file - watch worker: send response to session manager. Response type: WatchLog
[2025-08-15T09:50:51.539] [DEBUG] debug-file - session manager: watch message received from worker 1. Type: WatchLog
[2025-08-15T09:50:51.532] [DEBUG] debug-file - watch worker: send response to session manager. Response type: WatchLog
[2025-08-15T09:50:51.541] [DEBUG] debug-file - session manager: watch message received from worker 1. Type: WatchLog
[2025-08-15T09:50:51.532] [DEBUG] debug-file - watch worker: send response to session manager. Response type: WatchLog
[2025-08-15T09:50:51.543] [DEBUG] debug-file - session manager: watch message received from worker 1. Type: WatchLog
[2025-08-15T09:50:51.537] [DEBUG] debug-file - watch worker: send response to session manager. Response type: WatchLog
[2025-08-15T09:50:51.545] [DEBUG] debug-file - session manager: watch message received from worker 1. Type: WatchLog
[2025-08-15T09:50:51.538] [DEBUG] debug-file - watch worker: send response to session manager. Response type: WatchLog
[2025-08-15T09:50:51.547] [DEBUG] debug-file - session manager: watch message received from worker 1. Type: WatchLog
[2025-08-15T09:50:51.539] [DEBUG] debug-file - watch worker: send response to session manager. Response type: WatchLog
[2025-08-15T09:50:51.548] [DEBUG] debug-file - session manager: watch message received from worker 1. Type: WatchLog
[2025-08-15T09:50:51.539] [DEBUG] debug-file - watch worker: send response to session manager. Response type: WatchLog
[2025-08-15T09:50:51.549] [DEBUG] debug-file - session manager: watch message received from worker 1. Type: WatchLog
[2025-08-15T09:50:51.540] [DEBUG] debug-file - watch worker: send response to session manager. Response type: WatchLog
[2025-08-15T09:50:51.551] [DEBUG] debug-file - session manager: watch message received from worker 1. Type: WatchLog
[2025-08-15T09:50:51.541] [DEBUG] debug-file - watch worker: send response to session manager. Response type: WatchLog
[2025-08-15T09:50:51.552] [DEBUG] debug-file - session manager: watch message received from worker 1. Type: WatchLog
[2025-08-15T09:50:51.541] [DEBUG] debug-file - watch worker: send response to session manager. Response type: WatchLog
[2025-08-15T09:50:51.553] [DEBUG] debug-file - session manager: watch message received from worker 1. Type: WatchLog
[2025-08-15T09:50:51.542] [DEBUG] debug-file - watch worker: send response to session manager. Response type: WatchLog
[2025-08-15T09:50:51.555] [DEBUG] debug-file - session manager: watch message received from worker 1. Type: WatchLog
[2025-08-15T09:50:51.543] [DEBUG] debug-file - watch worker: send response to session manager. Response type: WatchLog
[2025-08-15T09:50:51.556] [DEBUG] debug-file - session manager: watch message received from worker 1. Type: WatchLog
[2025-08-15T09:50:51.544] [DEBUG] debug-file - watch worker: send response to session manager. Response type: WatchLog
[2025-08-15T09:50:51.558] [DEBUG] debug-file - session manager: watch message received from worker 1. Type: WatchLog
[2025-08-15T09:50:51.545] [DEBUG] debug-file - watch worker: send response to session manager. Response type: WatchLog
[2025-08-15T09:50:51.560] [DEBUG] debug-file - session manager: watch message received from worker 1. Type: WatchLog
[2025-08-15T09:50:51.546] [DEBUG] debug-file - watch worker: send response to session manager. Response type: WatchLog
[2025-08-15T09:50:51.561] [DEBUG] debug-file - session manager: watch message received from worker 1. Type: WatchLog
[2025-08-15T09:50:51.546] [DEBUG] debug-file - watch worker: send response to session manager. Response type: WatchLog
[2025-08-15T09:50:51.562] [DEBUG] debug-file - session manager: watch message received from worker 1. Type: WatchLog
[2025-08-15T09:50:51.547] [DEBUG] debug-file - watch worker: send response to session manager. Response type: WatchLog
[2025-08-15T09:50:51.564] [DEBUG] debug-file - session manager: watch message received from worker 1. Type: WatchLog
[2025-08-15T09:50:51.547] [DEBUG] debug-file - watch worker: send response to session manager. Response type: WatchLog
[2025-08-15T09:50:51.565] [DEBUG] debug-file - session manager: watch message received from worker 1. Type: WatchLog
[2025-08-15T09:50:51.548] [DEBUG] debug-file - watch worker: send response to session manager. Response type: WatchLog
[2025-08-15T09:50:51.566] [DEBUG] debug-file - session manager: watch message received from worker 1. Type: WatchLog
[2025-08-15T09:50:51.549] [DEBUG] debug-file - watch worker: send response to session manager. Response type: WatchLog
[2025-08-15T09:50:51.568] [DEBUG] debug-file - session manager: watch message received from worker 1. Type: WatchLog
[2025-08-15T09:50:51.549] [DEBUG] debug-file - watch worker: send response to session manager. Response type: WatchLog
[2025-08-15T09:50:51.570] [DEBUG] debug-file - session manager: watch message received from worker 1. Type: WatchLog
[2025-08-15T09:50:51.550] [DEBUG] debug-file - watch worker: send response to session manager. Response type: WatchLog
[2025-08-15T09:50:51.571] [DEBUG] debug-file - session manager: watch message received from worker 1. Type: WatchLog
[2025-08-15T09:50:51.550] [DEBUG] debug-file - watch worker: send response to session manager. Response type: WatchLog
[2025-08-15T09:50:51.573] [DEBUG] debug-file - session manager: watch message received from worker 1. Type: WatchLog
[2025-08-15T09:50:51.551] [DEBUG] debug-file - watch worker: send response to session manager. Response type: WatchLog
[2025-08-15T09:50:51.574] [DEBUG] debug-file - session manager: watch message received from worker 1. Type: WatchLog
[2025-08-15T09:50:51.552] [DEBUG] debug-file - watch worker: send response to session manager. Response type: WatchLog
[2025-08-15T09:50:51.575] [DEBUG] debug-file - session manager: watch message received from worker 1. Type: WatchLog
[2025-08-15T09:50:51.552] [DEBUG] debug-file - watch worker: send response to session manager. Response type: WatchLog
[2025-08-15T09:50:51.576] [DEBUG] debug-file - session manager: watch message received from worker 1. Type: WatchLog
[2025-08-15T09:50:51.553] [DEBUG] debug-file - watch worker: send response to session manager. Response type: WatchLog
[2025-08-15T09:50:51.577] [DEBUG] debug-file - session manager: watch message received from worker 1. Type: WatchLog
[2025-08-15T09:50:51.553] [DEBUG] debug-file - watch worker: send response to session manager. Response type: WatchLog
[2025-08-15T09:50:51.578] [DEBUG] debug-file - session manager: watch message received from worker 1. Type: WatchLog
[2025-08-15T09:50:51.554] [DEBUG] debug-file - watch worker: send response to session manager. Response type: WatchLog
[2025-08-15T09:50:51.579] [DEBUG] debug-file - session manager: watch message received from worker 1. Type: WatchLog
[2025-08-15T09:50:51.555] [DEBUG] debug-file - watch worker: send response to session manager. Response type: WatchLog
[2025-08-15T09:50:51.580] [DEBUG] debug-file - session manager: watch message received from worker 1. Type: WatchLog
[2025-08-15T09:50:51.556] [DEBUG] debug-file - watch worker: send response to session manager. Response type: WatchLog
[2025-08-15T09:50:51.581] [DEBUG] debug-file - session manager: watch message received from worker 1. Type: WatchLog
[2025-08-15T09:50:51.557] [DEBUG] debug-file - watch worker: send response to session manager. Response type: WatchLog
[2025-08-15T09:50:51.582] [DEBUG] debug-file - session manager: watch message received from worker 1. Type: WatchLog
[2025-08-15T09:50:51.557] [DEBUG] debug-file - watch worker: send response to session manager. Response type: WatchLog
[2025-08-15T09:50:51.584] [DEBUG] debug-file - session manager: watch message received from worker 1. Type: WatchLog
[2025-08-15T09:50:51.558] [DEBUG] debug-file - watch worker: send response to session manager. Response type: WatchLog
[2025-08-15T09:50:51.585] [DEBUG] debug-file - session manager: watch message received from worker 1. Type: WatchLog
[2025-08-15T09:50:51.558] [DEBUG] debug-file - watch worker: send response to session manager. Response type: WatchLog
[2025-08-15T09:50:51.587] [DEBUG] debug-file - session manager: watch message received from worker 1. Type: WatchLog
[2025-08-15T09:50:51.559] [DEBUG] debug-file - watch worker: send response to session manager. Response type: WatchLog
[2025-08-15T09:50:51.588] [DEBUG] debug-file - session manager: watch message received from worker 1. Type: WatchLog
[2025-08-15T09:50:51.559] [DEBUG] debug-file - watch worker: send response to session manager. Response type: WatchLog
[2025-08-15T09:50:51.589] [DEBUG] debug-file - session manager: watch message received from worker 1. Type: WatchLog
[2025-08-15T09:50:51.560] [DEBUG] debug-file - watch worker: send response to session manager. Response type: WatchLog
[2025-08-15T09:50:51.591] [DEBUG] debug-file - session manager: watch message received from worker 1. Type: WatchLog
[2025-08-15T09:50:51.561] [DEBUG] debug-file - watch worker: send response to session manager. Response type: WatchLog
[2025-08-15T09:50:51.591] [DEBUG] debug-file - session manager: watch message received from worker 1. Type: WatchLog
[2025-08-15T09:50:51.561] [DEBUG] debug-file - watch worker: send response to session manager. Response type: WatchLog
[2025-08-15T09:50:51.593] [DEBUG] debug-file - session manager: watch message received from worker 1. Type: WatchLog
[2025-08-15T09:50:51.562] [DEBUG] debug-file - watch worker: send response to session manager. Response type: WatchLog
[2025-08-15T09:50:51.594] [DEBUG] debug-file - session manager: watch message received from worker 1. Type: WatchLog
[2025-08-15T09:50:51.562] [DEBUG] debug-file - watch worker: send response to session manager. Response type: WatchLog
[2025-08-15T09:50:51.595] [DEBUG] debug-file - session manager: watch message received from worker 1. Type: WatchLog
[2025-08-15T09:50:51.563] [DEBUG] debug-file - watch worker: send response to session manager. Response type: WatchLog
[2025-08-15T09:50:51.597] [DEBUG] debug-file - session manager: watch message received from worker 1. Type: WatchLog
[2025-08-15T09:50:51.564] [DEBUG] debug-file - watch worker: send response to session manager. Response type: WatchLog
[2025-08-15T09:50:51.599] [DEBUG] debug-file - session manager: watch message received from worker 1. Type: WatchLog
[2025-08-15T09:50:51.564] [DEBUG] debug-file - watch worker: send response to session manager. Response type: WatchLog
[2025-08-15T09:50:51.600] [DEBUG] debug-file - session manager: watch message received from worker 1. Type: WatchLog
[2025-08-15T09:50:51.565] [DEBUG] debug-file - watch worker: send response to session manager. Response type: WatchLog
[2025-08-15T09:50:51.601] [DEBUG] debug-file - session manager: watch message received from worker 1. Type: WatchLog
[2025-08-15T09:50:51.565] [DEBUG] debug-file - watch worker: send response to session manager. Response type: WatchLog
[2025-08-15T09:50:51.603] [DEBUG] debug-file - session manager: watch message received from worker 1. Type: WatchLog
[2025-08-15T09:50:51.566] [DEBUG] debug-file - watch worker: send response to session manager. Response type: WatchLog
[2025-08-15T09:50:51.605] [DEBUG] debug-file - session manager: watch message received from worker 1. Type: WatchLog
[2025-08-15T09:50:51.566] [DEBUG] debug-file - watch worker: send response to session manager. Response type: WatchLog
[2025-08-15T09:50:51.606] [DEBUG] debug-file - session manager: watch message received from worker 1. Type: WatchLog
[2025-08-15T09:50:51.568] [DEBUG] debug-file - watch worker: send response to session manager. Response type: WatchLog
[2025-08-15T09:50:51.607] [DEBUG] debug-file - session manager: watch message received from worker 1. Type: WatchLog
[2025-08-15T09:50:51.569] [DEBUG] debug-file - watch worker: send response to session manager. Response type: WatchLog
[2025-08-15T09:50:51.608] [DEBUG] debug-file - session manager: watch message received from worker 1. Type: WatchLog
[2025-08-15T09:50:51.569] [DEBUG] debug-file - watch worker: send response to session manager. Response type: WatchLog
[2025-08-15T09:50:51.609] [DEBUG] debug-file - session manager: watch message received from worker 1. Type: WatchLog
[2025-08-15T09:50:51.570] [DEBUG] debug-file - watch worker: send response to session manager. Response type: WatchLog
[2025-08-15T09:50:51.610] [DEBUG] debug-file - session manager: watch message received from worker 1. Type: WatchLog
[2025-08-15T09:50:51.571] [DEBUG] debug-file - watch worker: send response to session manager. Response type: WatchLog
[2025-08-15T09:50:51.612] [DEBUG] debug-file - session manager: watch message received from worker 1. Type: WatchLog
[2025-08-15T09:50:53.178] [DEBUG] debug-file - watch worker: send response to session manager. Response type: WatchResult
[2025-08-15T09:50:53.179] [DEBUG] debug-file - Ark compile finished.
[2025-08-15T09:50:53.179] [DEBUG] debug-file - session manager: watch message received from worker 1. Type: WatchResult
[2025-08-15T09:50:53.185] [INFO] debug-file - Finished :entry:default@PreviewArkTS... after 9 s 509 ms 
[2025-08-15T09:50:53.186] [DEBUG] debug-file - Executing task :entry:PreviewBuild
[2025-08-15T09:50:53.186] [DEBUG] debug-file - entry : PreviewBuild cost memory 0.01175689697265625
[2025-08-15T09:50:53.186] [DEBUG] debug-file - runTaskFromQueue task cost before running: 10 s 598 ms 
[2025-08-15T09:50:53.187] [INFO] debug-file - Finished :entry:PreviewBuild... after 1 ms 
[2025-08-15T09:50:53.194] [DEBUG] debug-file - BUILD SUCCESSFUL in 10 s 606 ms 
[2025-08-15T09:50:53.195] [DEBUG] debug-file - There is no need to refresh cache, since the incremental task entry:default@PreBuild is up-to-date.
[2025-08-15T09:50:53.195] [DEBUG] debug-file - Update task entry:default@CreateModuleInfo output file:C:\Users\xingqiliang.DC\Desktop\OpenHarmony_HeartBeat_Monitor\entry\.preview\default\generated\profile\default\ModuleInfo.ts cache.
[2025-08-15T09:50:53.195] [DEBUG] debug-file - Incremental task entry:default@CreateModuleInfo post-execution cost:1 ms .
[2025-08-15T09:50:53.195] [DEBUG] debug-file - Update task entry:default@MergeProfile input file:C:\Users\xingqiliang.DC\Desktop\OpenHarmony_HeartBeat_Monitor\AppScope\app.json5 cache by regenerate.
[2025-08-15T09:50:53.196] [DEBUG] debug-file - Update task entry:default@MergeProfile input file:C:\Users\xingqiliang.DC\Desktop\OpenHarmony_HeartBeat_Monitor\build-profile.json5 cache by regenerate.
[2025-08-15T09:50:53.196] [DEBUG] debug-file - Update task entry:default@MergeProfile input file:C:\Users\xingqiliang.DC\Desktop\OpenHarmony_HeartBeat_Monitor\entry\src\main\module.json5 cache by regenerate.
[2025-08-15T09:50:53.196] [DEBUG] debug-file - Update task entry:default@MergeProfile output file:C:\Users\xingqiliang.DC\Desktop\OpenHarmony_HeartBeat_Monitor\entry\.preview\default\intermediates\merge_profile\default\module.json cache.
[2025-08-15T09:50:53.196] [DEBUG] debug-file - Incremental task entry:default@MergeProfile post-execution cost:1 ms .
[2025-08-15T09:50:53.196] [DEBUG] debug-file - Update task entry:default@CreateBuildProfile input file:C:\Users\xingqiliang.DC\Desktop\OpenHarmony_HeartBeat_Monitor\AppScope\app.json5 cache by regenerate.
[2025-08-15T09:50:53.196] [DEBUG] debug-file - Update task entry:default@CreateBuildProfile input file:C:\Users\xingqiliang.DC\Desktop\OpenHarmony_HeartBeat_Monitor\build-profile.json5 cache by regenerate.
[2025-08-15T09:50:53.197] [DEBUG] debug-file - Update task entry:default@CreateBuildProfile output file:C:\Users\xingqiliang.DC\Desktop\OpenHarmony_HeartBeat_Monitor\entry\.preview\default\generated\profile\default\BuildProfile.ets cache.
[2025-08-15T09:50:53.197] [DEBUG] debug-file - Incremental task entry:default@CreateBuildProfile post-execution cost:1 ms .
[2025-08-15T09:50:53.197] [DEBUG] debug-file - Update task entry:default@GeneratePkgContextInfo output file:C:\Users\xingqiliang.DC\Desktop\OpenHarmony_HeartBeat_Monitor\entry\.preview\default\intermediates\loader\default\pkgContextInfo.json cache.
[2025-08-15T09:50:53.197] [DEBUG] debug-file - Incremental task entry:default@GeneratePkgContextInfo post-execution cost:1 ms .
[2025-08-15T09:50:53.197] [DEBUG] debug-file - Update task entry:default@ProcessProfile input file:C:\Users\xingqiliang.DC\Desktop\OpenHarmony_HeartBeat_Monitor\entry\.preview\default\intermediates\merge_profile\default\module.json cache from map.
[2025-08-15T09:50:53.197] [DEBUG] debug-file - Update task entry:default@ProcessProfile output file:C:\Users\xingqiliang.DC\Desktop\OpenHarmony_HeartBeat_Monitor\entry\.preview\default\intermediates\process_profile\default\module.json cache.
[2025-08-15T09:50:53.197] [DEBUG] debug-file - Incremental task entry:default@ProcessProfile post-execution cost:1 ms .
[2025-08-15T09:50:53.198] [DEBUG] debug-file - Update task entry:default@ProcessRouterMap input file:C:\Users\xingqiliang.DC\Desktop\OpenHarmony_HeartBeat_Monitor\entry\oh-package.json5 cache by regenerate.
[2025-08-15T09:50:53.198] [DEBUG] debug-file - Update task entry:default@ProcessRouterMap input file:C:\Users\xingqiliang.DC\Desktop\OpenHarmony_HeartBeat_Monitor\oh-package.json5 cache by regenerate.
[2025-08-15T09:50:53.199] [DEBUG] debug-file - Update task entry:default@ProcessRouterMap input file:C:\Users\xingqiliang.DC\Desktop\OpenHarmony_HeartBeat_Monitor\entry\src\main\module.json5 cache by regenerate.
[2025-08-15T09:50:53.199] [DEBUG] debug-file - Update task entry:default@ProcessRouterMap output file:C:\Users\xingqiliang.DC\Desktop\OpenHarmony_HeartBeat_Monitor\entry\.preview\default\intermediates\router_map\default\temp-router-map.json cache.
[2025-08-15T09:50:53.200] [DEBUG] debug-file - Update task entry:default@ProcessRouterMap output file:C:\Users\xingqiliang.DC\Desktop\OpenHarmony_HeartBeat_Monitor\entry\.preview\default\intermediates\router_map\default\loader-router-map.json cache.
[2025-08-15T09:50:53.200] [DEBUG] debug-file - Incremental task entry:default@ProcessRouterMap post-execution cost:3 ms .
[2025-08-15T09:50:53.201] [DEBUG] debug-file - Update task entry:default@GenerateLoaderJson input file:C:\Users\xingqiliang.DC\Desktop\OpenHarmony_HeartBeat_Monitor\entry\src\mock\mock-config.json5 cache by regenerate.
[2025-08-15T09:50:53.202] [DEBUG] debug-file - Update task entry:default@GenerateLoaderJson input file:C:\Users\xingqiliang.DC\Desktop\OpenHarmony_HeartBeat_Monitor\entry\.preview\default\intermediates\router_map\default\temp-router-map.json cache from map.
[2025-08-15T09:50:53.202] [DEBUG] debug-file - Update task entry:default@GenerateLoaderJson output file:C:\Users\xingqiliang.DC\Desktop\OpenHarmony_HeartBeat_Monitor\entry\.preview\default\intermediates\loader\default\loader.json cache.
[2025-08-15T09:50:53.202] [DEBUG] debug-file - Incremental task entry:default@GenerateLoaderJson post-execution cost:2 ms .
[2025-08-15T09:50:53.202] [DEBUG] debug-file - Update task entry:default@PreviewCompileResource input file:C:\Users\xingqiliang.DC\Desktop\OpenHarmony_HeartBeat_Monitor\entry\src\main\resources cache by regenerate.
[2025-08-15T09:50:53.204] [DEBUG] debug-file - Update task entry:default@PreviewCompileResource input file:C:\Users\xingqiliang.DC\Desktop\OpenHarmony_HeartBeat_Monitor\entry\.preview\default\intermediates\merge_profile\default\module.json cache from map.
[2025-08-15T09:50:53.204] [DEBUG] debug-file - Update task entry:default@PreviewCompileResource output file:C:\Users\xingqiliang.DC\Desktop\OpenHarmony_HeartBeat_Monitor\entry\.preview\default\intermediates\res\default cache.
[2025-08-15T09:50:53.207] [DEBUG] debug-file - Update task entry:default@PreviewCompileResource output file:C:\Users\xingqiliang.DC\Desktop\OpenHarmony_HeartBeat_Monitor\entry\.preview\default\generated\r\default cache.
[2025-08-15T09:50:53.207] [DEBUG] debug-file - Incremental task entry:default@PreviewCompileResource post-execution cost:6 ms .
[2025-08-15T09:50:53.207] [DEBUG] debug-file - Update task entry:default@CopyPreviewProfile input file:C:\Users\xingqiliang.DC\Desktop\OpenHarmony_HeartBeat_Monitor\entry\src\main\resources\base\profile cache by regenerate.
[2025-08-15T09:50:53.208] [DEBUG] debug-file - Update task entry:default@CopyPreviewProfile output file:C:\Users\xingqiliang.DC\Desktop\OpenHarmony_HeartBeat_Monitor\entry\.preview\default\intermediates\res\default\resources\base\profile cache.
[2025-08-15T09:50:53.208] [DEBUG] debug-file - Incremental task entry:default@CopyPreviewProfile post-execution cost:1 ms .
[2025-08-15T09:50:53.208] [DEBUG] debug-file - Update task entry:default@PreviewUpdateAssets output file:C:\Users\xingqiliang.DC\Desktop\OpenHarmony_HeartBeat_Monitor\entry\.preview\default\intermediates\res\default\module.json cache.
[2025-08-15T09:50:53.209] [DEBUG] debug-file - Update task entry:default@PreviewUpdateAssets output file:C:\Users\xingqiliang.DC\Desktop\OpenHarmony_HeartBeat_Monitor\entry\.preview\default\intermediates\res\default\resources\base\profile\main_pages.json cache.
[2025-08-15T09:50:53.209] [DEBUG] debug-file - Incremental task entry:default@PreviewUpdateAssets post-execution cost:1 ms .
[2025-08-15T09:50:53.210] [DEBUG] debug-file - Update task entry:default@PreviewArkTS input file:C:\Users\xingqiliang.DC\Desktop\OpenHarmony_HeartBeat_Monitor\entry\.preview\default\intermediates\loader\default cache by regenerate.
[2025-08-15T09:50:53.211] [DEBUG] debug-file - Update task entry:default@PreviewArkTS input file:C:\Users\xingqiliang.DC\Desktop\OpenHarmony_HeartBeat_Monitor\entry\.preview\default\intermediates\res\default\ResourceTable.txt cache by regenerate.
[2025-08-15T09:50:53.211] [DEBUG] debug-file - Update task entry:default@PreviewArkTS input file:C:\Users\xingqiliang.DC\Desktop\OpenHarmony_HeartBeat_Monitor\entry\.preview\default\intermediates\process_profile\default\module.json cache by regenerate.
[2025-08-15T09:50:53.211] [DEBUG] debug-file - Update task entry:default@PreviewArkTS input file:C:\Users\xingqiliang.DC\Desktop\OpenHarmony_HeartBeat_Monitor\entry\.preview\default\intermediates\res\default\resources\base\profile cache by regenerate.
[2025-08-15T09:50:53.211] [DEBUG] debug-file - Update task entry:default@PreviewArkTS input file:C:\Users\xingqiliang.DC\Desktop\OpenHarmony_HeartBeat_Monitor\entry\src\main\ets cache by regenerate.
[2025-08-15T09:50:53.212] [DEBUG] debug-file - Update task entry:default@PreviewArkTS input file:C:\Users\xingqiliang.DC\Desktop\OpenHarmony_HeartBeat_Monitor\entry\.preview\default\generated\profile\default\BuildProfile.ets cache by regenerate.
[2025-08-15T09:50:53.213] [DEBUG] debug-file - Update task entry:default@PreviewArkTS input file:C:\Users\xingqiliang.DC\Desktop\OpenHarmony_HeartBeat_Monitor\entry\src\mock\mock-config.json5 cache by regenerate.
[2025-08-15T09:50:53.213] [DEBUG] debug-file - Update task entry:default@PreviewArkTS output file:C:\Users\xingqiliang.DC\Desktop\OpenHarmony_HeartBeat_Monitor\entry\.preview\default\intermediates\loader_out\default\ets cache.
[2025-08-15T09:50:53.214] [DEBUG] debug-file - Incremental task entry:default@PreviewArkTS post-execution cost:6 ms .
[2025-08-15T09:50:53.236] [DEBUG] debug-file - Current worker pool is stopped or closed.
[2025-08-15T09:50:53.237] [DEBUG] debug-file - There's no busy workers and idle workers need to be cleared.
[2025-08-15T09:50:53.237] [DEBUG] debug-file - hvigor build process will be closed.
[2025-08-15T09:50:53.238] [DEBUG] debug-file - Current worker pool is terminated.
[2025-08-15T09:51:15.067] [DEBUG] debug-file - session manager: send message to worker process.
[2025-08-15T09:51:15.068] [DEBUG] debug-file - session manager: send message to worker process.
[2025-08-15T09:51:15.106] [DEBUG] debug-file - bad codeSnippet [object Object]
[2025-08-15T09:51:15.120] [DEBUG] debug-file - watch worker: worker is ready to be terminated.
[2025-08-15T09:51:15.120] [DEBUG] debug-file - Server currently has 0 watch-worker
[2025-08-18T10:20:06.772] [DEBUG] debug-file - env: nodejsVersion=v18.20.1
[2025-08-18T10:20:06.901] [DEBUG] debug-file - env: daemon=true
[2025-08-18T10:20:06.774] [DEBUG] debug-file - env: hvigor-config.json5 content = {
  modelVersion: '5.0.5',
  dependencies: {},
  execution: {},
  logging: {},
  debugging: {},
  nodeOptions: {}
}
[2025-08-18T10:20:07.625] [DEBUG] debug-file - java daemon tryConnect failed Error: connect ECONNREFUSED 127.0.0.1:45050
[2025-08-18T10:20:07.635] [DEBUG] debug-file - java daemon started at port 45050 pid 1380
[2025-08-18T10:20:07.726] [DEBUG] debug-file - session manager: set active socket. socketId=LRZnYVyCn0CoYu5lAAAB
[2025-08-18T10:20:08.320] [DEBUG] debug-file - watch worker: worker id should be larger than 0. Nothing will be sent to any worker thread.
[2025-08-18T10:20:08.335] [DEBUG] debug-file - Hvigor init with startParameters:{
  hvigorfileTypeCheck: false,
  parallelExecution: true,
  incrementalExecution: true,
  printStackTrace: false,
  daemon: true,
  analyze: 0,
  logLevel: Level { level: 20000, levelStr: 'INFO', colour: 'green' }
}
[2025-08-18T10:20:08.341] [DEBUG] debug-file - Cache service initialization finished in 6 ms 
[2025-08-18T10:20:08.350] [DEBUG] debug-file - hvigorfile, resolving C:\Users\xingqiliang.DC\Desktop\OpenHarmony_HeartBeat_Monitor\hvigorfile.ts
[2025-08-18T10:20:10.335] [DEBUG] debug-file - hvigorfile, require result:  { default: { plugins: [] } }
[2025-08-18T10:20:10.336] [DEBUG] debug-file - hvigorfile, binding system plugins null
[2025-08-18T10:20:10.473] [DEBUG] debug-file - Start initialize project's product build option map with build mode debug.
[2025-08-18T10:20:10.474] [DEBUG] debug-file - Picking option from product 'default' with build mode 'debug'.
[2025-08-18T10:20:10.474] [DEBUG] debug-file - Product 'default' build option: {}
[2025-08-18T10:20:10.474] [DEBUG] debug-file - End initialize project's product build option map with build mode 'debug'.
[2025-08-18T10:20:10.477] [DEBUG] debug-file - Product 'default' using build option: {
  "debuggable": true
} in this build.
[2025-08-18T10:20:10.493] [DEBUG] debug-file - Start recording SDK configuration permission data.
[2025-08-18T10:20:10.508] [DEBUG] debug-file - Sdk init in 23 ms 
[2025-08-18T10:20:10.524] [DEBUG] debug-file - Project task initialization takes 14 ms 
[2025-08-18T10:20:10.524] [DEBUG] debug-file - hvigorfile, binding custom plugins []
[2025-08-18T10:20:10.524] [DEBUG] debug-file - hvigorfile, no custom plugins were found in C:\Users\xingqiliang.DC\Desktop\OpenHarmony_HeartBeat_Monitor\hvigorfile.ts
[2025-08-18T10:20:10.524] [DEBUG] debug-file - hvigorfile, resolve finished C:\Users\xingqiliang.DC\Desktop\OpenHarmony_HeartBeat_Monitor\hvigorfile.ts
[2025-08-18T10:20:10.529] [DEBUG] debug-file - hvigorfile, resolving C:\Users\xingqiliang.DC\Desktop\OpenHarmony_HeartBeat_Monitor\entry\hvigorfile.ts
[2025-08-18T10:20:10.533] [DEBUG] debug-file - hvigorfile, require result:  { default: { plugins: [] } }
[2025-08-18T10:20:10.533] [DEBUG] debug-file - hvigorfile, binding system plugins null
[2025-08-18T10:20:10.543] [DEBUG] debug-file - Start initialize module-target build option map, moduleName=entry, buildMode=debug
[2025-08-18T10:20:10.543] [DEBUG] debug-file - Target 'default' config: {}
[2025-08-18T10:20:10.544] [DEBUG] debug-file - Target 'ohosTest' config: {}
[2025-08-18T10:20:10.544] [DEBUG] debug-file - Module 'entry' target 'default' build option: {
  "debuggable": true,
  "copyFrom": "default",
  "name": "debug"
}
[2025-08-18T10:20:10.544] [DEBUG] debug-file - Module 'entry' target 'ohosTest' build option: {
  "debuggable": true,
  "name": "default"
}
[2025-08-18T10:20:10.544] [DEBUG] debug-file - End initialize module-target build option map, moduleName=entry
[2025-08-18T10:20:10.544] [DEBUG] debug-file - Module 'entry' target 'default' using build option: {
  "debuggable": true,
  "copyFrom": "default",
  "name": "debug"
} in this build.
[2025-08-18T10:20:10.549] [DEBUG] debug-file - Module entry task initialization takes 3 ms 
[2025-08-18T10:20:10.549] [DEBUG] debug-file - hvigorfile, binding custom plugins []
[2025-08-18T10:20:10.549] [DEBUG] debug-file - hvigorfile, no custom plugins were found in C:\Users\xingqiliang.DC\Desktop\OpenHarmony_HeartBeat_Monitor\entry\hvigorfile.ts
[2025-08-18T10:20:10.549] [DEBUG] debug-file - hvigorfile, resolve finished C:\Users\xingqiliang.DC\Desktop\OpenHarmony_HeartBeat_Monitor\entry\hvigorfile.ts
[2025-08-18T10:20:10.603] [DEBUG] debug-file - hvigorfile, resolve hvigorfile dependencies in 54 ms 
[2025-08-18T10:20:10.604] [DEBUG] debug-file - project has submodules:entry
[2025-08-18T10:20:10.606] [DEBUG] debug-file - start to load updatedOhPackageInfo to the disk
[2025-08-18T10:20:10.613] [DEBUG] debug-file - load to the disk finished
[2025-08-18T10:20:10.614] [DEBUG] debug-file - Start to initialize dependency information.
[2025-08-18T10:20:10.622] [DEBUG] debug-file - Module OpenHarmony_HeartBeat_Monitor Collected Dependency: 
[2025-08-18T10:20:10.622] [DEBUG] debug-file - Module OpenHarmony_HeartBeat_Monitor's total dependency: 0
[2025-08-18T10:20:10.622] [DEBUG] debug-file - Start to initialize dependency information.
[2025-08-18T10:20:10.625] [DEBUG] debug-file - Module entry Collected Dependency: 
[2025-08-18T10:20:10.625] [DEBUG] debug-file - Module entry's total dependency: 0
[2025-08-18T10:20:10.630] [DEBUG] debug-file - Configuration phase cost:2 s 286 ms 
[2025-08-18T10:20:10.632] [DEBUG] debug-file - Configuration task cost before running: 2 s 309 ms 
[2025-08-18T10:20:10.632] [DEBUG] debug-file - Executing task :entry:init
[2025-08-18T10:20:10.633] [DEBUG] debug-file - entry : init cost memory 0.0154876708984375
[2025-08-18T10:20:10.633] [DEBUG] debug-file - runTaskFromQueue task cost before running: 2 s 309 ms 
[2025-08-18T10:20:10.633] [INFO] debug-file - Finished :entry:init... after 1 ms 
[2025-08-18T10:20:10.633] [DEBUG] debug-file - Executing task ::init
[2025-08-18T10:20:10.633] [DEBUG] debug-file - OpenHarmony_HeartBeat_Monitor : init cost memory 0.01282501220703125
[2025-08-18T10:20:10.633] [DEBUG] debug-file - runTaskFromQueue task cost before running: 2 s 310 ms 
[2025-08-18T10:20:10.633] [INFO] debug-file - Finished ::init... after 1 ms 
[2025-08-18T10:20:10.645] [DEBUG] debug-file - Module 'entry' target 'default' using build option: {
  "debuggable": true,
  "copyFrom": "default",
  "name": "debug"
} in this build.
[2025-08-18T10:20:10.648] [DEBUG] debug-file - Module 'entry' target 'ohosTest' using build option: {
  "debuggable": true,
  "name": "default"
} in this build.
[2025-08-18T10:20:10.659] [DEBUG] debug-file - session manager: send message to worker process.
[2025-08-18T10:20:10.660] [DEBUG] debug-file - session manager: send message to worker process.
[2025-08-18T10:20:10.741] [DEBUG] debug-file - Since there is no instance or instance is terminated, create a new worker pool.
[2025-08-18T10:20:10.741] [DEBUG] debug-file - Worker pool is initialized with config:  {
  minPoolNum: 2,
  maxPoolNum: undefined,
  maxCoreSize: undefined,
  cacheCapacity: undefined,
  cacheTtl: undefined
}
[2025-08-18T10:20:10.743] [DEBUG] debug-file - Create  resident worker with id: 0.
[2025-08-18T10:20:10.745] [DEBUG] debug-file - Create  resident worker with id: 1.
[2025-08-18T10:20:10.748] [DEBUG] debug-file - Cleanup worker 0.
[2025-08-18T10:20:10.748] [DEBUG] debug-file - Worker 0 has been cleaned up.
[2025-08-18T10:20:10.749] [DEBUG] debug-file - Current idle worker size: 1.
[2025-08-18T10:20:10.749] [DEBUG] debug-file - Current resident worker size: 2.
[2025-08-18T10:20:10.749] [DEBUG] debug-file - Cleanup worker 1.
[2025-08-18T10:20:10.749] [DEBUG] debug-file - Worker 1 has been cleaned up.
[2025-08-18T10:20:10.749] [DEBUG] debug-file - Current idle worker size: 0.
[2025-08-18T10:20:10.749] [DEBUG] debug-file - Current resident worker size: 2.
[2025-08-18T10:20:10.749] [DEBUG] debug-file - hvigor build process will be closed.
[2025-08-18T10:20:10.760] [DEBUG] debug-file - watch worker: worker id should be larger than 0. Nothing will be sent to any worker thread.
[2025-08-18T10:20:10.760] [DEBUG] debug-file - watch worker: worker id should be larger than 0. Nothing will be sent to any worker thread.
[2025-08-18T10:20:10.761] [DEBUG] debug-file - worker[0] exits with exit code 0.
[2025-08-18T10:20:10.762] [DEBUG] debug-file - worker[1] exits with exit code 0.
[2025-08-18T10:53:36.973] [DEBUG] debug-file - session manager: set active socket. socketId=_w9wgpAjxSLK_S0PAAAD
[2025-08-18T10:53:36.979] [DEBUG] debug-file - watch worker: worker id should be larger than 0. Nothing will be sent to any worker thread.
[2025-08-18T10:53:36.990] [DEBUG] debug-file - Hvigor init with startParameters:{
  hvigorfileTypeCheck: false,
  parallelExecution: true,
  incrementalExecution: true,
  printStackTrace: false,
  daemon: true,
  analyze: 0,
  logLevel: Level { level: 20000, levelStr: 'INFO', colour: 'green' }
}
[2025-08-18T10:53:36.996] [DEBUG] debug-file - Cache service initialization finished in 7 ms 
[2025-08-18T10:53:37.004] [DEBUG] debug-file - hvigorfile, resolving C:\Users\xingqiliang.DC\Desktop\OpenHarmony_HeartBeat_Monitor\hvigorfile.ts
[2025-08-18T10:53:37.013] [DEBUG] debug-file - hvigorfile, require result:  { default: { plugins: [] } }
[2025-08-18T10:53:37.013] [DEBUG] debug-file - hvigorfile, binding system plugins null
[2025-08-18T10:53:37.021] [DEBUG] debug-file - Start initialize project's product build option map with build mode debug.
[2025-08-18T10:53:37.021] [DEBUG] debug-file - Picking option from product 'default' with build mode 'debug'.
[2025-08-18T10:53:37.021] [DEBUG] debug-file - Product 'default' build option: {}
[2025-08-18T10:53:37.021] [DEBUG] debug-file - End initialize project's product build option map with build mode 'debug'.
[2025-08-18T10:53:37.023] [DEBUG] debug-file - Product 'default' using build option: {
  "debuggable": true
} in this build.
[2025-08-18T10:53:37.033] [DEBUG] debug-file - Start recording SDK configuration permission data.
[2025-08-18T10:53:37.048] [DEBUG] debug-file - Sdk init in 22 ms 
[2025-08-18T10:53:37.062] [DEBUG] debug-file - Project task initialization takes 13 ms 
[2025-08-18T10:53:37.062] [DEBUG] debug-file - hvigorfile, binding custom plugins []
[2025-08-18T10:53:37.062] [DEBUG] debug-file - hvigorfile, no custom plugins were found in C:\Users\xingqiliang.DC\Desktop\OpenHarmony_HeartBeat_Monitor\hvigorfile.ts
[2025-08-18T10:53:37.063] [DEBUG] debug-file - hvigorfile, resolve finished C:\Users\xingqiliang.DC\Desktop\OpenHarmony_HeartBeat_Monitor\hvigorfile.ts
[2025-08-18T10:53:37.067] [DEBUG] debug-file - hvigorfile, resolving C:\Users\xingqiliang.DC\Desktop\OpenHarmony_HeartBeat_Monitor\entry\hvigorfile.ts
[2025-08-18T10:53:37.070] [DEBUG] debug-file - hvigorfile, require result:  { default: { plugins: [] } }
[2025-08-18T10:53:37.070] [DEBUG] debug-file - hvigorfile, binding system plugins null
[2025-08-18T10:53:37.075] [DEBUG] debug-file - Start initialize module-target build option map, moduleName=entry, buildMode=debug
[2025-08-18T10:53:37.075] [DEBUG] debug-file - Target 'default' config: {}
[2025-08-18T10:53:37.075] [DEBUG] debug-file - Target 'ohosTest' config: {}
[2025-08-18T10:53:37.075] [DEBUG] debug-file - Module 'entry' target 'default' build option: {
  "debuggable": true,
  "copyFrom": "default",
  "name": "debug"
}
[2025-08-18T10:53:37.075] [DEBUG] debug-file - Module 'entry' target 'ohosTest' build option: {
  "debuggable": true,
  "name": "default"
}
[2025-08-18T10:53:37.075] [DEBUG] debug-file - End initialize module-target build option map, moduleName=entry
[2025-08-18T10:53:37.077] [DEBUG] debug-file - Module 'entry' target 'default' using build option: {
  "debuggable": true,
  "copyFrom": "default",
  "name": "debug"
} in this build.
[2025-08-18T10:53:37.079] [DEBUG] debug-file - Module entry task initialization takes 1 ms 
[2025-08-18T10:53:37.079] [DEBUG] debug-file - hvigorfile, binding custom plugins []
[2025-08-18T10:53:37.079] [DEBUG] debug-file - hvigorfile, no custom plugins were found in C:\Users\xingqiliang.DC\Desktop\OpenHarmony_HeartBeat_Monitor\entry\hvigorfile.ts
[2025-08-18T10:53:37.079] [DEBUG] debug-file - hvigorfile, resolve finished C:\Users\xingqiliang.DC\Desktop\OpenHarmony_HeartBeat_Monitor\entry\hvigorfile.ts
[2025-08-18T10:53:37.129] [DEBUG] debug-file - hvigorfile, resolve hvigorfile dependencies in 49 ms 
[2025-08-18T10:53:37.129] [DEBUG] debug-file - project has submodules:entry
[2025-08-18T10:53:37.130] [DEBUG] debug-file - start to load updatedOhPackageInfo to the disk
[2025-08-18T10:53:37.136] [DEBUG] debug-file - load to the disk finished
[2025-08-18T10:53:37.136] [DEBUG] debug-file - Start to initialize dependency information.
[2025-08-18T10:53:37.140] [DEBUG] debug-file - Module OpenHarmony_HeartBeat_Monitor Collected Dependency: 
[2025-08-18T10:53:37.140] [DEBUG] debug-file - Module OpenHarmony_HeartBeat_Monitor's total dependency: 0
[2025-08-18T10:53:37.140] [DEBUG] debug-file - Start to initialize dependency information.
[2025-08-18T10:53:37.141] [DEBUG] debug-file - Module entry Collected Dependency: 
[2025-08-18T10:53:37.143] [DEBUG] debug-file - Module entry's total dependency: 0
[2025-08-18T10:53:37.145] [DEBUG] debug-file - Configuration phase cost:146 ms 
[2025-08-18T10:53:37.147] [DEBUG] debug-file - Configuration task cost before running: 166 ms 
[2025-08-18T10:53:37.149] [DEBUG] debug-file - jsonObjWithoutParam {} at undefined
[2025-08-18T10:53:37.149] [DEBUG] debug-file - jsonObjWithoutParam {"name":"entry","version":"1.0.0","description":"Please describe the basic information.","main":"","author":"","license":"","dependencies":{}} at undefined
[2025-08-18T10:53:37.152] [DEBUG] debug-file - Executing task :entry:default@PreBuild
[2025-08-18T10:53:37.160] [DEBUG] debug-file - Incremental task entry:default@PreBuild pre-execution cost: 5 ms .
[2025-08-18T10:53:37.160] [DEBUG] debug-file - entry : default@PreBuild cost memory 0.5023269653320312
[2025-08-18T10:53:37.161] [INFO] debug-file - UP-TO-DATE :entry:default@PreBuild...  
[2025-08-18T10:53:37.163] [DEBUG] debug-file - jsonObjWithoutParam {} at undefined
[2025-08-18T10:53:37.163] [DEBUG] debug-file - jsonObjWithoutParam {"name":"entry","version":"1.0.0","description":"Please describe the basic information.","main":"","author":"","license":"","dependencies":{}} at undefined
[2025-08-18T10:53:37.163] [DEBUG] debug-file - Executing task :entry:default@CreateModuleInfo
[2025-08-18T10:53:37.164] [DEBUG] debug-file - Task 'entry:default@CreateModuleInfo' cost while wrapping incremental declarations: 1 ms 
[2025-08-18T10:53:37.165] [DEBUG] debug-file - entry : default@CreateModuleInfo cost memory 0.062225341796875
[2025-08-18T10:53:37.165] [DEBUG] debug-file - runTaskFromQueue task cost before running: 184 ms 
[2025-08-18T10:53:37.165] [INFO] debug-file - Finished :entry:default@CreateModuleInfo... after 2 ms 
[2025-08-18T10:53:37.167] [DEBUG] debug-file - jsonObjWithoutParam {} at undefined
[2025-08-18T10:53:37.167] [DEBUG] debug-file - jsonObjWithoutParam {"name":"entry","version":"1.0.0","description":"Please describe the basic information.","main":"","author":"","license":"","dependencies":{}} at undefined
[2025-08-18T10:53:37.169] [DEBUG] debug-file - Executing task :entry:default@GenerateMetadata
[2025-08-18T10:53:37.170] [DEBUG] debug-file - Task 'entry:default@GenerateMetadata' cost while wrapping incremental declarations: 1 ms 
[2025-08-18T10:53:37.171] [DEBUG] debug-file - Incremental task entry:default@GenerateMetadata pre-execution cost: 1 ms .
[2025-08-18T10:53:37.171] [DEBUG] debug-file - entry : default@GenerateMetadata cost memory 0.27439117431640625
[2025-08-18T10:53:37.171] [INFO] debug-file - UP-TO-DATE :entry:default@GenerateMetadata...  
[2025-08-18T10:53:37.172] [DEBUG] debug-file - jsonObjWithoutParam {} at undefined
[2025-08-18T10:53:37.172] [DEBUG] debug-file - jsonObjWithoutParam {"name":"entry","version":"1.0.0","description":"Please describe the basic information.","main":"","author":"","license":"","dependencies":{}} at undefined
[2025-08-18T10:53:37.173] [DEBUG] debug-file - Executing task :entry:default@ConfigureCmake
[2025-08-18T10:53:37.173] [DEBUG] debug-file - jsonObjWithoutParam {} at undefined
[2025-08-18T10:53:37.173] [DEBUG] debug-file - jsonObjWithoutParam {"name":"entry","version":"1.0.0","description":"Please describe the basic information.","main":"","author":"","license":"","dependencies":{}} at undefined
[2025-08-18T10:53:37.173] [DEBUG] debug-file - entry : default@ConfigureCmake cost memory 0.03746795654296875
[2025-08-18T10:53:37.173] [DEBUG] debug-file - runTaskFromQueue task cost before running: 192 ms 
[2025-08-18T10:53:37.173] [INFO] debug-file - Finished :entry:default@ConfigureCmake... after 1 ms 
[2025-08-18T10:53:37.175] [DEBUG] debug-file - jsonObjWithoutParam {} at undefined
[2025-08-18T10:53:37.175] [DEBUG] debug-file - jsonObjWithoutParam {"name":"entry","version":"1.0.0","description":"Please describe the basic information.","main":"","author":"","license":"","dependencies":{}} at undefined
[2025-08-18T10:53:37.175] [DEBUG] debug-file - Executing task :entry:default@MergeProfile
[2025-08-18T10:53:37.177] [DEBUG] debug-file - entry:default@MergeProfile is not up-to-date, since the task snapshots are different.
[2025-08-18T10:53:37.178] [DEBUG] debug-file - Incremental task entry:default@MergeProfile pre-execution cost: 2 ms .
[2025-08-18T10:53:37.178] [DEBUG] debug-file - jsonObjWithoutParam {} at undefined
[2025-08-18T10:53:37.178] [DEBUG] debug-file - jsonObjWithoutParam {"name":"entry","version":"1.0.0","description":"Please describe the basic information.","main":"","author":"","license":"","dependencies":{}} at undefined
[2025-08-18T10:53:37.178] [DEBUG] debug-file - Change app api release type with 'Release'
[2025-08-18T10:53:37.178] [DEBUG] debug-file - Change app compile API version with '5.0.0.71'
[2025-08-18T10:53:37.178] [DEBUG] debug-file - Change app target API version with '12'
[2025-08-18T10:53:37.178] [DEBUG] debug-file - Change app minimum API version with '12'
[2025-08-18T10:53:37.178] [DEBUG] debug-file - Use cli appEnvironment
[2025-08-18T10:53:37.182] [DEBUG] debug-file - entry : default@MergeProfile cost memory 0.5299148559570312
[2025-08-18T10:53:37.182] [DEBUG] debug-file - runTaskFromQueue task cost before running: 201 ms 
[2025-08-18T10:53:37.182] [INFO] debug-file - Finished :entry:default@MergeProfile... after 7 ms 
[2025-08-18T10:53:37.184] [DEBUG] debug-file - jsonObjWithoutParam {} at undefined
[2025-08-18T10:53:37.184] [DEBUG] debug-file - jsonObjWithoutParam {"name":"entry","version":"1.0.0","description":"Please describe the basic information.","main":"","author":"","license":"","dependencies":{}} at undefined
[2025-08-18T10:53:37.184] [DEBUG] debug-file - Executing task :entry:default@CreateBuildProfile
[2025-08-18T10:53:37.185] [DEBUG] debug-file - Task 'entry:default@CreateBuildProfile' cost while wrapping incremental declarations: 1 ms 
[2025-08-18T10:53:37.187] [DEBUG] debug-file - entry:default@CreateBuildProfile is not up-to-date, since the task snapshots are different.
[2025-08-18T10:53:37.187] [DEBUG] debug-file - Incremental task entry:default@CreateBuildProfile pre-execution cost: 2 ms .
[2025-08-18T10:53:37.187] [DEBUG] debug-file - jsonObjWithoutParam {} at undefined
[2025-08-18T10:53:37.187] [DEBUG] debug-file - jsonObjWithoutParam {"name":"entry","version":"1.0.0","description":"Please describe the basic information.","main":"","author":"","license":"","dependencies":{}} at undefined
[2025-08-18T10:53:37.188] [DEBUG] debug-file - entry : default@CreateBuildProfile cost memory 0.41289520263671875
[2025-08-18T10:53:37.188] [DEBUG] debug-file - runTaskFromQueue task cost before running: 207 ms 
[2025-08-18T10:53:37.188] [INFO] debug-file - Finished :entry:default@CreateBuildProfile... after 4 ms 
[2025-08-18T10:53:37.190] [DEBUG] debug-file - jsonObjWithoutParam {} at undefined
[2025-08-18T10:53:37.190] [DEBUG] debug-file - jsonObjWithoutParam {"name":"entry","version":"1.0.0","description":"Please describe the basic information.","main":"","author":"","license":"","dependencies":{}} at undefined
[2025-08-18T10:53:37.190] [DEBUG] debug-file - Executing task :entry:default@PreCheckSyscap
[2025-08-18T10:53:37.190] [DEBUG] debug-file - jsonObjWithoutParam {} at undefined
[2025-08-18T10:53:37.190] [DEBUG] debug-file - jsonObjWithoutParam {"name":"entry","version":"1.0.0","description":"Please describe the basic information.","main":"","author":"","license":"","dependencies":{}} at undefined
[2025-08-18T10:53:37.191] [DEBUG] debug-file - entry : default@PreCheckSyscap cost memory 0.04070281982421875
[2025-08-18T10:53:37.191] [DEBUG] debug-file - runTaskFromQueue task cost before running: 210 ms 
[2025-08-18T10:53:37.191] [INFO] debug-file - Finished :entry:default@PreCheckSyscap... after 1 ms 
[2025-08-18T10:53:37.192] [DEBUG] debug-file - jsonObjWithoutParam {} at undefined
[2025-08-18T10:53:37.192] [DEBUG] debug-file - jsonObjWithoutParam {"name":"entry","version":"1.0.0","description":"Please describe the basic information.","main":"","author":"","license":"","dependencies":{}} at undefined
[2025-08-18T10:53:37.198] [DEBUG] debug-file - Executing task :entry:default@GeneratePkgContextInfo
[2025-08-18T10:53:37.199] [DEBUG] debug-file - Task 'entry:default@GeneratePkgContextInfo' cost while wrapping incremental declarations: 1 ms 
[2025-08-18T10:53:37.199] [DEBUG] debug-file - entry : default@GeneratePkgContextInfo cost memory 0.04067230224609375
[2025-08-18T10:53:37.199] [DEBUG] debug-file - runTaskFromQueue task cost before running: 218 ms 
[2025-08-18T10:53:37.199] [INFO] debug-file - Finished :entry:default@GeneratePkgContextInfo... after 1 ms 
[2025-08-18T10:53:37.201] [DEBUG] debug-file - jsonObjWithoutParam {} at undefined
[2025-08-18T10:53:37.201] [DEBUG] debug-file - jsonObjWithoutParam {"name":"entry","version":"1.0.0","description":"Please describe the basic information.","main":"","author":"","license":"","dependencies":{}} at undefined
[2025-08-18T10:53:37.204] [DEBUG] debug-file - Executing task :entry:default@ProcessIntegratedHsp
[2025-08-18T10:53:37.205] [DEBUG] debug-file - entry:default@ProcessIntegratedHsp is not up-to-date, since the output file 'C:\Users\xingqiliang.DC\Desktop\OpenHarmony_HeartBeat_Monitor\build\cache\default\integrated_hsp\integratedHspCache.json' does not exist.
[2025-08-18T10:53:37.205] [DEBUG] debug-file - Incremental task entry:default@ProcessIntegratedHsp pre-execution cost: 1 ms .
[2025-08-18T10:53:37.205] [DEBUG] debug-file - jsonObjWithoutParam {} at undefined
[2025-08-18T10:53:37.205] [DEBUG] debug-file - jsonObjWithoutParam {"name":"entry","version":"1.0.0","description":"Please describe the basic information.","main":"","author":"","license":"","dependencies":{}} at undefined
[2025-08-18T10:53:37.206] [DEBUG] debug-file - entry : default@ProcessIntegratedHsp cost memory 0.22556304931640625
[2025-08-18T10:53:37.206] [DEBUG] debug-file - runTaskFromQueue task cost before running: 225 ms 
[2025-08-18T10:53:37.210] [INFO] debug-file - Finished :entry:default@ProcessIntegratedHsp... after 2 ms 
[2025-08-18T10:53:37.215] [DEBUG] debug-file - jsonObjWithoutParam {} at undefined
[2025-08-18T10:53:37.216] [DEBUG] debug-file - jsonObjWithoutParam {"name":"entry","version":"1.0.0","description":"Please describe the basic information.","main":"","author":"","license":"","dependencies":{}} at undefined
[2025-08-18T10:53:37.217] [DEBUG] debug-file - Executing task :entry:default@BuildNativeWithCmake
[2025-08-18T10:53:37.218] [DEBUG] debug-file - jsonObjWithoutParam {} at undefined
[2025-08-18T10:53:37.218] [DEBUG] debug-file - jsonObjWithoutParam {"name":"entry","version":"1.0.0","description":"Please describe the basic information.","main":"","author":"","license":"","dependencies":{}} at undefined
[2025-08-18T10:53:37.218] [DEBUG] debug-file - entry : default@BuildNativeWithCmake cost memory 0.03856658935546875
[2025-08-18T10:53:37.218] [DEBUG] debug-file - runTaskFromQueue task cost before running: 237 ms 
[2025-08-18T10:53:37.219] [INFO] debug-file - Finished :entry:default@BuildNativeWithCmake... after 2 ms 
[2025-08-18T10:53:37.223] [DEBUG] debug-file - jsonObjWithoutParam {} at undefined
[2025-08-18T10:53:37.223] [DEBUG] debug-file - jsonObjWithoutParam {"name":"entry","version":"1.0.0","description":"Please describe the basic information.","main":"","author":"","license":"","dependencies":{}} at undefined
[2025-08-18T10:53:37.225] [DEBUG] debug-file - Executing task :entry:default@MakePackInfo
[2025-08-18T10:53:37.232] [DEBUG] debug-file - Incremental task entry:default@MakePackInfo pre-execution cost: 6 ms .
[2025-08-18T10:53:37.239] [DEBUG] debug-file - entry : default@MakePackInfo cost memory -8.472946166992188
[2025-08-18T10:53:37.240] [INFO] debug-file - UP-TO-DATE :entry:default@MakePackInfo...  
[2025-08-18T10:53:37.241] [DEBUG] debug-file - jsonObjWithoutParam {} at undefined
[2025-08-18T10:53:37.241] [DEBUG] debug-file - jsonObjWithoutParam {"name":"entry","version":"1.0.0","description":"Please describe the basic information.","main":"","author":"","license":"","dependencies":{}} at undefined
[2025-08-18T10:53:37.242] [DEBUG] debug-file - Executing task :entry:default@SyscapTransform
[2025-08-18T10:53:37.242] [DEBUG] debug-file - File: 'C:\Users\xingqiliang.DC\Desktop\OpenHarmony_HeartBeat_Monitor\entry\src\main\syscap.json' from 'sysCapJsonPath' is not exists, just ignore.
[2025-08-18T10:53:37.243] [DEBUG] debug-file - Task 'entry:default@SyscapTransform' cost while wrapping incremental declarations: 1 ms 
[2025-08-18T10:53:37.256] [DEBUG] debug-file - Incremental task entry:default@SyscapTransform pre-execution cost: 13 ms .
[2025-08-18T10:53:37.256] [DEBUG] debug-file - entry : default@SyscapTransform cost memory 0.3538665771484375
[2025-08-18T10:53:37.256] [INFO] debug-file - UP-TO-DATE :entry:default@SyscapTransform...  
[2025-08-18T10:53:37.258] [DEBUG] debug-file - jsonObjWithoutParam {} at undefined
[2025-08-18T10:53:37.258] [DEBUG] debug-file - jsonObjWithoutParam {"name":"entry","version":"1.0.0","description":"Please describe the basic information.","main":"","author":"","license":"","dependencies":{}} at undefined
[2025-08-18T10:53:37.259] [DEBUG] debug-file - Executing task :entry:default@ProcessProfile
[2025-08-18T10:53:37.260] [DEBUG] debug-file - entry:default@ProcessProfile is not up-to-date, since the input file 'C:\Users\xingqiliang.DC\Desktop\OpenHarmony_HeartBeat_Monitor\entry\build\default\intermediates\merge_profile\default\module.json' has been changed.
[2025-08-18T10:53:37.260] [DEBUG] debug-file - Incremental task entry:default@ProcessProfile pre-execution cost: 1 ms .
[2025-08-18T10:53:37.261] [DEBUG] debug-file - jsonObjWithoutParam {} at undefined
[2025-08-18T10:53:37.261] [DEBUG] debug-file - jsonObjWithoutParam {"name":"entry","version":"1.0.0","description":"Please describe the basic information.","main":"","author":"","license":"","dependencies":{}} at undefined
[2025-08-18T10:53:37.262] [DEBUG] debug-file - [
  'C:\\Users\\xingqiliang.DC\\AppData\\Local\\Huawei\\DevEco Studio\\tools\\node\\node.exe',
  'C:\\Users\\xingqiliang.DC\\AppData\\Local\\OpenHarmony\\Sdk\\12\\ets\\build-tools\\ets-loader\\bin\\ark\\ts2abc.js',
  '--target-api-version',
  '12',
  '--target-api-sub-version',
  'beta1'
]
[2025-08-18T10:53:37.482] [DEBUG] debug-file - 12.0.2.0
[2025-08-18T10:53:37.484] [DEBUG] debug-file - entry : default@ProcessProfile cost memory 2.416229248046875
[2025-08-18T10:53:37.485] [DEBUG] debug-file - runTaskFromQueue task cost before running: 504 ms 
[2025-08-18T10:53:37.485] [INFO] debug-file - Finished :entry:default@ProcessProfile... after 226 ms 
[2025-08-18T10:53:37.487] [DEBUG] debug-file - jsonObjWithoutParam {} at undefined
[2025-08-18T10:53:37.487] [DEBUG] debug-file - jsonObjWithoutParam {"name":"entry","version":"1.0.0","description":"Please describe the basic information.","main":"","author":"","license":"","dependencies":{}} at undefined
[2025-08-18T10:53:37.488] [DEBUG] debug-file - Executing task :entry:default@ProcessRouterMap
[2025-08-18T10:53:37.491] [DEBUG] debug-file - entry:default@ProcessRouterMap is not up-to-date, since the task snapshots are different.
[2025-08-18T10:53:37.491] [DEBUG] debug-file - Incremental task entry:default@ProcessRouterMap pre-execution cost: 3 ms .
[2025-08-18T10:53:37.491] [DEBUG] debug-file - jsonObjWithoutParam {} at undefined
[2025-08-18T10:53:37.491] [DEBUG] debug-file - jsonObjWithoutParam {"name":"entry","version":"1.0.0","description":"Please describe the basic information.","main":"","author":"","license":"","dependencies":{}} at undefined
[2025-08-18T10:53:37.492] [DEBUG] debug-file - entry : default@ProcessRouterMap cost memory 0.22226715087890625
[2025-08-18T10:53:37.492] [DEBUG] debug-file - runTaskFromQueue task cost before running: 511 ms 
[2025-08-18T10:53:37.493] [INFO] debug-file - Finished :entry:default@ProcessRouterMap... after 5 ms 
[2025-08-18T10:53:37.494] [DEBUG] debug-file - jsonObjWithoutParam {} at undefined
[2025-08-18T10:53:37.494] [DEBUG] debug-file - jsonObjWithoutParam {"name":"entry","version":"1.0.0","description":"Please describe the basic information.","main":"","author":"","license":"","dependencies":{}} at undefined
[2025-08-18T10:53:37.495] [DEBUG] debug-file - Executing task :entry:default@BuildNativeWithNinja
[2025-08-18T10:53:37.495] [DEBUG] debug-file - jsonObjWithoutParam {} at undefined
[2025-08-18T10:53:37.495] [DEBUG] debug-file - jsonObjWithoutParam {"name":"entry","version":"1.0.0","description":"Please describe the basic information.","main":"","author":"","license":"","dependencies":{}} at undefined
[2025-08-18T10:53:37.496] [DEBUG] debug-file - entry : default@BuildNativeWithNinja cost memory 0.05896759033203125
[2025-08-18T10:53:37.496] [DEBUG] debug-file - runTaskFromQueue task cost before running: 515 ms 
[2025-08-18T10:53:37.497] [INFO] debug-file - Finished :entry:default@BuildNativeWithNinja... after 2 ms 
[2025-08-18T10:53:37.498] [DEBUG] debug-file - jsonObjWithoutParam {} at undefined
[2025-08-18T10:53:37.498] [DEBUG] debug-file - jsonObjWithoutParam {"name":"entry","version":"1.0.0","description":"Please describe the basic information.","main":"","author":"","license":"","dependencies":{}} at undefined
[2025-08-18T10:53:37.499] [DEBUG] debug-file - restool module names: entry; moduleName=entry, taskName=default@ProcessResource
[2025-08-18T10:53:37.501] [DEBUG] debug-file - Executing task :entry:default@ProcessResource
[2025-08-18T10:53:37.503] [DEBUG] debug-file - Incremental task entry:default@ProcessResource pre-execution cost: 1 ms .
[2025-08-18T10:53:37.503] [DEBUG] debug-file - entry : default@ProcessResource cost memory 0.18407440185546875
[2025-08-18T10:53:37.505] [INFO] debug-file - UP-TO-DATE :entry:default@ProcessResource...  
[2025-08-18T10:53:37.506] [DEBUG] debug-file - jsonObjWithoutParam {} at undefined
[2025-08-18T10:53:37.506] [DEBUG] debug-file - jsonObjWithoutParam {"name":"entry","version":"1.0.0","description":"Please describe the basic information.","main":"","author":"","license":"","dependencies":{}} at undefined
[2025-08-18T10:53:37.508] [DEBUG] debug-file - Executing task :entry:default@GenerateLoaderJson
[2025-08-18T10:53:37.517] [DEBUG] debug-file - entry:default@GenerateLoaderJson is not up-to-date, since the input file 'C:\Users\xingqiliang.DC\Desktop\OpenHarmony_HeartBeat_Monitor\entry\build\default\intermediates\router_map\default\temp-router-map.json' has been changed.
[2025-08-18T10:53:37.517] [DEBUG] debug-file - Incremental task entry:default@GenerateLoaderJson pre-execution cost: 5 ms .
[2025-08-18T10:53:37.524] [DEBUG] debug-file - entry : default@GenerateLoaderJson cost memory 1.149322509765625
[2025-08-18T10:53:37.524] [DEBUG] debug-file - runTaskFromQueue task cost before running: 543 ms 
[2025-08-18T10:53:37.527] [INFO] debug-file - Finished :entry:default@GenerateLoaderJson... after 16 ms 
[2025-08-18T10:53:37.528] [DEBUG] debug-file - jsonObjWithoutParam {} at undefined
[2025-08-18T10:53:37.528] [DEBUG] debug-file - jsonObjWithoutParam {"name":"entry","version":"1.0.0","description":"Please describe the basic information.","main":"","author":"","license":"","dependencies":{}} at undefined
[2025-08-18T10:53:37.528] [DEBUG] debug-file - Executing task :entry:default@ProcessLibs
[2025-08-18T10:53:37.531] [DEBUG] debug-file - Incremental task entry:default@ProcessLibs pre-execution cost: 2 ms .
[2025-08-18T10:53:37.531] [DEBUG] debug-file - entry : default@ProcessLibs cost memory 0.14990997314453125
[2025-08-18T10:53:37.531] [INFO] debug-file - UP-TO-DATE :entry:default@ProcessLibs...  
[2025-08-18T10:53:37.532] [DEBUG] debug-file - jsonObjWithoutParam {} at undefined
[2025-08-18T10:53:37.532] [DEBUG] debug-file - jsonObjWithoutParam {"name":"entry","version":"1.0.0","description":"Please describe the basic information.","main":"","author":"","license":"","dependencies":{}} at undefined
[2025-08-18T10:53:37.533] [DEBUG] debug-file - restool module names: entry; moduleName=entry, taskName=default@CompileResource
[2025-08-18T10:53:37.534] [DEBUG] debug-file - Executing task :entry:default@CompileResource
[2025-08-18T10:53:37.538] [DEBUG] debug-file - entry:default@CompileResource is not up-to-date, since the input file 'C:\Users\xingqiliang.DC\Desktop\OpenHarmony_HeartBeat_Monitor\entry\build\default\intermediates\process_profile\default\module.json' has been changed.
[2025-08-18T10:53:37.538] [DEBUG] debug-file - Incremental task entry:default@CompileResource pre-execution cost: 3 ms .
[2025-08-18T10:53:37.556] [DEBUG] debug-file - Use tool [C:\Users\xingqiliang.DC\AppData\Local\OpenHarmony\Sdk\12\toolchains\restool.exe]
 [
  'C:\\Users\\xingqiliang.DC\\AppData\\Local\\OpenHarmony\\Sdk\\12\\toolchains\\restool.exe',
  '-l',
  'C:\\Users\\xingqiliang.DC\\Desktop\\OpenHarmony_HeartBeat_Monitor\\entry\\build\\default\\intermediates\\res\\default\\resConfig.json'
]
[2025-08-18T10:53:37.558] [DEBUG] debug-file - current process  memoryUsage: {
  rss: 190464000,
  heapTotal: 159191040,
  heapUsed: 118162552,
  external: 3091254,
  arrayBuffers: 85104
} os memoryUsage :10.2657470703125
[2025-08-18T10:53:37.648] [DEBUG] debug-file - Warning: C:\Users\xingqiliang.DC\Desktop\OpenHarmony_HeartBeat_Monitor\AppScope\resources\base\media\layered_image.json is not png format

[2025-08-18T10:53:37.650] [DEBUG] debug-file - Info: restool resources compile success.

[2025-08-18T10:53:37.655] [WARN] debug-file - Warning: 'C:\Users\xingqiliang.DC\Desktop\OpenHarmony_HeartBeat_Monitor\entry\src\main\resources\base\media\background.png' is defined repeatedly.
Warning: 'C:\Users\xingqiliang.DC\Desktop\OpenHarmony_HeartBeat_Monitor\entry\src\main\resources\base\media\foreground.png' is defined repeatedly.
Warning: 'C:\Users\xingqiliang.DC\Desktop\OpenHarmony_HeartBeat_Monitor\entry\src\main\resources\base\media\layered_image.json' is defined repeatedly.

[2025-08-18T10:53:37.656] [DEBUG] debug-file - entry : default@CompileResource cost memory -3.8397598266601562
[2025-08-18T10:53:37.656] [DEBUG] debug-file - runTaskFromQueue task cost before running: 675 ms 
[2025-08-18T10:53:37.657] [INFO] debug-file - Finished :entry:default@CompileResource... after 122 ms 
[2025-08-18T10:53:37.658] [DEBUG] debug-file - jsonObjWithoutParam {} at undefined
[2025-08-18T10:53:37.659] [DEBUG] debug-file - jsonObjWithoutParam {"name":"entry","version":"1.0.0","description":"Please describe the basic information.","main":"","author":"","license":"","dependencies":{}} at undefined
[2025-08-18T10:53:37.660] [DEBUG] debug-file - Executing task :entry:default@DoNativeStrip
[2025-08-18T10:53:37.660] [DEBUG] debug-file - Task 'entry:default@DoNativeStrip' cost while wrapping incremental declarations: 1 ms 
[2025-08-18T10:53:37.661] [DEBUG] debug-file - Incremental task entry:default@DoNativeStrip pre-execution cost: 1 ms .
[2025-08-18T10:53:37.661] [DEBUG] debug-file - entry : default@DoNativeStrip cost memory 0.0803680419921875
[2025-08-18T10:53:37.661] [INFO] debug-file - UP-TO-DATE :entry:default@DoNativeStrip...  
[2025-08-18T10:53:37.663] [DEBUG] debug-file - jsonObjWithoutParam {} at undefined
[2025-08-18T10:53:37.663] [DEBUG] debug-file - jsonObjWithoutParam {"name":"entry","version":"1.0.0","description":"Please describe the basic information.","main":"","author":"","license":"","dependencies":{}} at undefined
[2025-08-18T10:53:37.665] [DEBUG] debug-file - Executing task :entry:default@CompileArkTS
[2025-08-18T10:53:37.672] [DEBUG] debug-file - entry:default@CompileArkTS is not up-to-date, since the input file 'C:\Users\xingqiliang.DC\Desktop\OpenHarmony_HeartBeat_Monitor\entry\build\default\intermediates\loader\default' has been changed.
[2025-08-18T10:53:37.672] [DEBUG] debug-file - Incremental task entry:default@CompileArkTS pre-execution cost: 4 ms .
[2025-08-18T10:53:37.685] [DEBUG] debug-file - build config:
[2025-08-18T10:53:37.685] [DEBUG] debug-file - {
  moduleType: 'entry',
  perf: 0,
  targetName: '.default',
  packageManagerType: 'ohpm',
  localPropertiesPath: 'C:\\Users\\xingqiliang.DC\\Desktop\\OpenHarmony_HeartBeat_Monitor\\local.properties',
  isPreview: false,
  isOhosTest: false,
  isLocalTest: false,
  buildMode: 'Debug',
  watchMode: 'false',
  aceProfilePath: 'C:\\Users\\xingqiliang.DC\\Desktop\\OpenHarmony_HeartBeat_Monitor\\entry\\build\\default\\intermediates\\res\\default\\resources\\base\\profile',
  etsLoaderPath: 'C:\\Users\\xingqiliang.DC\\AppData\\Local\\OpenHarmony\\Sdk\\12\\ets\\build-tools\\ets-loader',
  modulePath: 'C:\\Users\\xingqiliang.DC\\Desktop\\OpenHarmony_HeartBeat_Monitor\\entry',
  testFrameworkPar: {
    testMode: undefined,
    coveragePathFilter: undefined,
    coverageMode: undefined
  },
  needCoverageInsert: false,
  debugLine: false,
  projectTopDir: 'C:\\Users\\xingqiliang.DC\\Desktop\\OpenHarmony_HeartBeat_Monitor',
  compileSdkVersion: 12,
  compatibleSdkVersion: 12,
  compatibleSdkVersionStage: 'beta1',
  bundleName: 'c***p',
  etsLoaderVersion: '5.0.0.71',
  etsLoaderReleaseType: 'Release',
  aotCompileMode: 'type',
  apPath: 'C:\\Users\\xingqiliang.DC\\Desktop\\OpenHarmony_HeartBeat_Monitor\\entry\\modules.ap',
  entryModuleName: 'entry',
  entryModuleVersion: '1.0.0',
  entryPackageName: 'entry',
  allModuleNameHash: 'bebdbb1694b34118006b8422f20369fb',
  externalApiPaths: [],
  compilerTypes: undefined,
  isCrossplatform: false,
  hvigorPluginFile: undefined,
  compilePluginPath: undefined,
  buildGeneratedProfilePath: 'C:\\Users\\xingqiliang.DC\\Desktop\\OpenHarmony_HeartBeat_Monitor\\entry\\build\\default\\generated\\profile\\default',
  bundleType: 'app',
  arkTSVersion: undefined,
  apiVersion: 12,
  needCompleteSourcesMap: false,
  isFaMode: false,
  strictMode: undefined,
  buildDir: 'C:\\Users\\xingqiliang.DC\\Desktop\\OpenHarmony_HeartBeat_Monitor\\entry\\build',
  deviceTypes: [ 'default', 'tablet' ],
  useNormalizedOHMUrl: false,
  pkgContextInfo: undefined,
  ohPackagePathMap: {},
  dependencyAliasMap: {},
  permission: {
    requestPermissions: [
      [Object], [Object], [Object],
      [Object], [Object], [Object],
      [Object], [Object], [Object],
      [Object], [Object], [Object],
      [Object], [Object], [Object],
      [Object], [Object], [Object],
      [Object], [Object]
    ],
    definePermissions: undefined
  },
  integratedHsp: false,
  projectArkOption: undefined,
  sourceMapDir: undefined,
  branchElimination: false,
  transformLib: undefined,
  caseSensitiveCheck: false,
  tsImportSendable: false,
  resolveConflictMode: true,
  depName2RootPath: {},
  depName2DepInfo: {},
  rootPathSet: [
    'C:\\Users\\xingqiliang.DC\\Desktop\\OpenHarmony_HeartBeat_Monitor'
  ],
  useNativeResolver: true,
  shouldEmitJs: true,
  autoLazyImport: undefined,
  allowEmptyBundleName: false,
  singleFileEmit: false,
  arkCompileCachePath: 'C:\\Users\\xingqiliang.DC\\Desktop\\OpenHarmony_HeartBeat_Monitor\\entry\\build\\default\\cache\\default\\default@CompileArkTS\\esmodule',
  reExportCheckMode: 'noCheck',
  aceModuleJsonPath: 'C:\\Users\\xingqiliang.DC\\Desktop\\OpenHarmony_HeartBeat_Monitor\\entry\\build\\default\\intermediates\\res\\default\\ark_module.json',
  appResource: 'C:\\Users\\xingqiliang.DC\\Desktop\\OpenHarmony_HeartBeat_Monitor\\entry\\build\\default\\intermediates\\res\\default\\ResourceTable.txt',
  rawFileResource: 'C:\\Users\\xingqiliang.DC\\Desktop\\OpenHarmony_HeartBeat_Monitor\\entry\\build\\default\\intermediates\\res\\default\\resources\\rawfile',
  resourceTableHash: '3411f85088221f8f223c8996500ae019',
  runtimeOS: 'OpenHarmony',
  sdkInfo: 'true:12:5.0.0.71:Release',
  aceModuleRoot: 'C:\\Users\\xingqiliang.DC\\Desktop\\OpenHarmony_HeartBeat_Monitor\\entry\\src\\main\\ets',
  compileMode: 'esmodule',
  aceSuperVisualPath: 'C:\\Users\\xingqiliang.DC\\Desktop\\OpenHarmony_HeartBeat_Monitor\\entry\\src\\main\\supervisual',
  aceBuildJson: 'C:\\Users\\xingqiliang.DC\\Desktop\\OpenHarmony_HeartBeat_Monitor\\entry\\build\\default\\intermediates\\loader\\default\\loader.json',
  cachePath: 'C:\\Users\\xingqiliang.DC\\Desktop\\OpenHarmony_HeartBeat_Monitor\\entry\\build\\default\\cache\\default\\default@CompileArkTS\\esmodule\\debug',
  aceModuleBuild: 'C:\\Users\\xingqiliang.DC\\Desktop\\OpenHarmony_HeartBeat_Monitor\\entry\\build\\default\\intermediates\\loader_out\\default\\ets',
  supportChunks: true,
  declaredFilesPath: undefined,
  pkgNameToPkgBriefInfo: {
    entry: {
      pkgRoot: 'C:\\Users\\xingqiliang.DC\\Desktop\\OpenHarmony_HeartBeat_Monitor\\entry',
      originalSourceRoots: undefined,
      sourceRoots: [Array],
      pkgName: 'entry'
    }
  },
  projectModel: {
    'C:\\Users\\xingqiliang.DC\\Desktop\\OpenHarmony_HeartBeat_Monitor\\entry\\src\\main': {
      moduleName: 'entry',
      modulePkgPath: 'C:\\Users\\xingqiliang.DC\\Desktop\\OpenHarmony_HeartBeat_Monitor\\entry',
      belongProjectPath: 'C:\\Users\\xingqiliang.DC\\Desktop\\OpenHarmony_HeartBeat_Monitor'
    },
    'C:\\Users\\xingqiliang.DC\\Desktop\\OpenHarmony_HeartBeat_Monitor\\entry\\build\\default\\intermediates\\src\\ohosTest\\ets': {
      moduleName: 'entry_test',
      modulePkgPath: 'C:\\Users\\xingqiliang.DC\\Desktop\\OpenHarmony_HeartBeat_Monitor\\entry',
      belongProjectPath: 'C:\\Users\\xingqiliang.DC\\Desktop\\OpenHarmony_HeartBeat_Monitor'
    },
    'C:\\Users\\xingqiliang.DC\\Desktop\\OpenHarmony_HeartBeat_Monitor\\entry\\src\\ohosTest': {
      moduleName: 'entry_test',
      modulePkgPath: 'C:\\Users\\xingqiliang.DC\\Desktop\\OpenHarmony_HeartBeat_Monitor\\entry',
      belongProjectPath: 'C:\\Users\\xingqiliang.DC\\Desktop\\OpenHarmony_HeartBeat_Monitor'
    },
    'C:\\Users\\xingqiliang.DC\\Desktop\\OpenHarmony_HeartBeat_Monitor\\entry': {
      moduleName: 'entry',
      modulePkgPath: 'C:\\Users\\xingqiliang.DC\\Desktop\\OpenHarmony_HeartBeat_Monitor\\entry',
      belongProjectPath: 'C:\\Users\\xingqiliang.DC\\Desktop\\OpenHarmony_HeartBeat_Monitor'
    },
    'C:\\Users\\xingqiliang.DC\\Desktop\\OpenHarmony_HeartBeat_Monitor': {
      moduleName: 'OpenHarmony_HeartBeat_Monitor',
      modulePkgPath: 'C:\\Users\\xingqiliang.DC\\Desktop\\OpenHarmony_HeartBeat_Monitor',
      belongProjectPath: 'C:\\Users\\xingqiliang.DC\\Desktop\\OpenHarmony_HeartBeat_Monitor'
    }
  },
  pkgJsonFileHash: 'ad14e34daa63b8462784838da084e1fc',
  allModulePaths: [
    'C:\\Users\\xingqiliang.DC\\Desktop\\OpenHarmony_HeartBeat_Monitor\\entry'
  ],
  routerMap: {},
  obfuscationOptions: undefined,
  compileBlockPkg: [],
  mockParams: {
    decorator: '@MockSetup',
    packageName: '@ohos/hamock',
    etsSourceRootPath: 'src/main/ets',
    mockConfigPath: 'C:\\Users\\xingqiliang.DC\\Desktop\\OpenHarmony_HeartBeat_Monitor\\entry\\src\\mock\\mock-config.json5',
    mockConfigKey2ModuleInfo: {}
  },
  copyCodeResourceEnable: true,
  copyCodeResourceExcludes: [],
  uiTransformOptimization: false,
  otherPaths: {
    'entry/*': [
      '..\\*',
      '..\\..\\..\\build\\default\\generated\\profile\\default\\*'
    ]
  },
  collectImportersConfig: undefined
}
[2025-08-18T10:53:37.687] [DEBUG] debug-file - default@CompileArkTS work[0] is submitted.
[2025-08-18T10:53:37.688] [DEBUG] debug-file - default@CompileArkTS work[0] is pushed to ready queue.
[2025-08-18T10:53:37.688] [DEBUG] debug-file - A work dispatched to worker[15] failed because unable to get work from ready queue.
[2025-08-18T10:53:37.688] [DEBUG] debug-file - A work dispatched to worker[14] failed because unable to get work from ready queue.
[2025-08-18T10:53:37.688] [DEBUG] debug-file - A work dispatched to worker[13] failed because unable to get work from ready queue.
[2025-08-18T10:53:37.688] [DEBUG] debug-file - A work dispatched to worker[12] failed because unable to get work from ready queue.
[2025-08-18T10:53:37.688] [DEBUG] debug-file - A work dispatched to worker[11] failed because unable to get work from ready queue.
[2025-08-18T10:53:37.688] [DEBUG] debug-file - A work dispatched to worker[10] failed because unable to get work from ready queue.
[2025-08-18T10:53:37.688] [DEBUG] debug-file - A work dispatched to worker[9] failed because unable to get work from ready queue.
[2025-08-18T10:53:37.688] [DEBUG] debug-file - A work dispatched to worker[8] failed because unable to get work from ready queue.
[2025-08-18T10:53:37.688] [DEBUG] debug-file - A work dispatched to worker[7] failed because unable to get work from ready queue.
[2025-08-18T10:53:37.688] [DEBUG] debug-file - A work dispatched to worker[6] failed because unable to get work from ready queue.
[2025-08-18T10:53:37.688] [DEBUG] debug-file - A work dispatched to worker[5] failed because unable to get work from ready queue.
[2025-08-18T10:53:37.689] [DEBUG] debug-file - Create  resident worker with id: 4.
[2025-08-18T10:53:37.690] [DEBUG] debug-file - default@CompileArkTS work[0] has been dispatched to worker[4].
[2025-08-18T10:53:37.690] [DEBUG] debug-file - default@CompileArkTS work[0] is dispatched.
[2025-08-18T10:53:37.691] [DEBUG] debug-file - CopyResources startTime: 608034439748700
[2025-08-18T10:53:37.691] [DEBUG] debug-file - default@CompileArkTS work[1] is submitted.
[2025-08-18T10:53:37.691] [DEBUG] debug-file - default@CompileArkTS work[1] is pushed to ready queue.
[2025-08-18T10:53:37.691] [DEBUG] debug-file - A work dispatched to worker[15] failed because unable to get work from ready queue.
[2025-08-18T10:53:37.691] [DEBUG] debug-file - Create  resident worker with id: 14.
[2025-08-18T10:53:37.692] [DEBUG] debug-file - default@CompileArkTS work[1] has been dispatched to worker[14].
[2025-08-18T10:53:37.692] [DEBUG] debug-file - default@CompileArkTS work[1] is dispatched.
[2025-08-18T10:53:37.692] [DEBUG] debug-file - entry : default@CompileArkTS cost memory 2.1544036865234375
[2025-08-18T10:53:37.694] [DEBUG] debug-file - jsonObjWithoutParam {} at undefined
[2025-08-18T10:53:37.694] [DEBUG] debug-file - jsonObjWithoutParam {"name":"entry","version":"1.0.0","description":"Please describe the basic information.","main":"","author":"","license":"","dependencies":{}} at undefined
[2025-08-18T10:53:37.697] [DEBUG] debug-file - Executing task :entry:default@BuildJS
[2025-08-18T10:53:37.701] [DEBUG] debug-file - entry : default@BuildJS cost memory 0.319976806640625
[2025-08-18T10:53:37.701] [DEBUG] debug-file - runTaskFromQueue task cost before running: 720 ms 
[2025-08-18T10:53:37.701] [INFO] debug-file - Finished :entry:default@BuildJS... after 5 ms 
[2025-08-18T10:53:37.703] [DEBUG] debug-file - jsonObjWithoutParam {} at undefined
[2025-08-18T10:53:37.703] [DEBUG] debug-file - jsonObjWithoutParam {"name":"entry","version":"1.0.0","description":"Please describe the basic information.","main":"","author":"","license":"","dependencies":{}} at undefined
[2025-08-18T10:53:37.705] [DEBUG] debug-file - Executing task :entry:default@CacheNativeLibs
[2025-08-18T10:53:37.705] [DEBUG] debug-file - Task 'entry:default@CacheNativeLibs' cost while wrapping incremental declarations: 1 ms 
[2025-08-18T10:53:37.707] [DEBUG] debug-file - Incremental task entry:default@CacheNativeLibs pre-execution cost: 2 ms .
[2025-08-18T10:53:37.707] [DEBUG] debug-file - entry : default@CacheNativeLibs cost memory 0.09624481201171875
[2025-08-18T10:53:37.707] [INFO] debug-file - UP-TO-DATE :entry:default@CacheNativeLibs...  
[2025-08-18T10:53:38.541] [DEBUG] debug-file - worker[14] has one work done.
[2025-08-18T10:53:38.541] [DEBUG] debug-file - CopyResources is end, endTime: 608035290033300
[2025-08-18T10:53:38.541] [DEBUG] debug-file - default@CompileArkTS work[1] done.
[2025-08-18T10:53:38.541] [DEBUG] debug-file - A work dispatched to worker[14] failed because unable to get work from ready queue.
[2025-08-18T10:53:44.477] [INFO] debug-file - [33mWARN: [33mArkTS:WARN File: C:/Users/xingqiliang.DC/Desktop/OpenHarmony_HeartBeat_Monitor/entry/src/main/ets/common/DeviceMonitor.ets:58:93
 'Function.bind' is not supported (arkts-no-func-bind)
[39m
[33mWARN: [33mArkTS:WARN File: C:/Users/xingqiliang.DC/Desktop/OpenHarmony_HeartBeat_Monitor/entry/src/main/ets/common/DeviceMonitor.ets:59:74
 'Function.bind' is not supported (arkts-no-func-bind)
[39m
[33mWARN: [33mArkTS:WARN File: C:/Users/xingqiliang.DC/Desktop/OpenHarmony_HeartBeat_Monitor/entry/src/main/ets/pages/Index.ets:10:26
 Classes cannot be used as objects (arkts-no-classes-as-obj)
[39m
[33mWARN: [33mArkTS:WARN File: C:/Users/xingqiliang.DC/Desktop/OpenHarmony_HeartBeat_Monitor/entry/src/main/ets/pages/Index.ets:63:47
 'Function.bind' is not supported (arkts-no-func-bind)
[39m
[33mWARN: [33mArkTS:WARN: For details about ArkTS syntax errors, see FAQs[39m
[33mWARN: [33mArkTS:WARN File: C:/Users/xingqiliang.DC/Desktop/OpenHarmony_HeartBeat_Monitor/entry/src/main/ets/common/SystemInfoCollector.ets:53:31
 'decode' has been deprecated.
[39m
[33mWARN: [33mArkTS:WARN File: C:/Users/xingqiliang.DC/Desktop/OpenHarmony_HeartBeat_Monitor/entry/src/main/ets/common/SystemInfoCollector.ets:137:35
 'getIpInfo' has been deprecated.
[39m
[33mWARN: [33mArkTS:WARN File: C:/Users/xingqiliang.DC/Desktop/OpenHarmony_HeartBeat_Monitor/entry/src/main/ets/common/SystemInfoCollector.ets:138:38
 'ipAddress' has been deprecated.
[39m
[33mWARN: [33mArkTS:WARN File: C:/Users/xingqiliang.DC/Desktop/OpenHarmony_HeartBeat_Monitor/entry/src/main/ets/common/SystemInfoCollector.ets:139:50
 'ipAddress' has been deprecated.
[39m
[33mWARN: [33mArkTS:WARN File: C:/Users/xingqiliang.DC/Desktop/OpenHarmony_HeartBeat_Monitor/entry/src/main/ets/common/SystemInfoCollector.ets:146:48
 'getIfaceConfig' is system api
[39m
[33mWARN: [33mArkTS:WARN File: C:/Users/xingqiliang.DC/Desktop/OpenHarmony_HeartBeat_Monitor/entry/src/main/ets/common/SystemInfoCollector.ets:147:44
 'ipAddr' is system api
[39m
[33mWARN: [33mArkTS:WARN File: C:/Users/xingqiliang.DC/Desktop/OpenHarmony_HeartBeat_Monitor/entry/src/main/ets/common/SystemInfoCollector.ets:148:58
 'ipAddr' is system api
[39m
[33mWARN: [33mArkTS:WARN File: C:/Users/xingqiliang.DC/Desktop/OpenHarmony_HeartBeat_Monitor/entry/src/main/ets/common/SystemInfoCollector.ets:149:34
 'ipAddr' is system api
[39m
[33mWARN: [33mArkTS:WARN File: C:/Users/xingqiliang.DC/Desktop/OpenHarmony_HeartBeat_Monitor/entry/src/main/ets/common/SystemInfoCollector.ets:178:46
 'getCurrentTime' has been deprecated.
[39m
[33mWARN: [33mArkTS:WARN File: C:/Users/xingqiliang.DC/Desktop/OpenHarmony_HeartBeat_Monitor/entry/src/main/ets/common/SystemInfoCollector.ets:283:61
 'getTotalSize' is system api
[39m
[33mWARN: [33mArkTS:WARN File: C:/Users/xingqiliang.DC/Desktop/OpenHarmony_HeartBeat_Monitor/entry/src/main/ets/common/SystemInfoCollector.ets:284:65
 'getFreeSize' is system api
[39m
[33mWARN: [33mArkTS:WARN File: C:/Users/xingqiliang.DC/Desktop/OpenHarmony_HeartBeat_Monitor/entry/src/main/ets/common/NetworkManager.ets:54:24
 'IPSetMode' is system api
[39m
[33mWARN: [33mArkTS:WARN File: C:/Users/xingqiliang.DC/Desktop/OpenHarmony_HeartBeat_Monitor/entry/src/main/ets/common/NetworkManager.ets:54:34
 'STATIC' is system api
[39m
[33mWARN: [33mArkTS:WARN File: C:/Users/xingqiliang.DC/Desktop/OpenHarmony_HeartBeat_Monitor/entry/src/main/ets/common/NetworkManager.ets:61:22
 'setIfaceConfig' is system api
[39m
[33mWARN: [33mArkTS:WARN File: C:/Users/xingqiliang.DC/Desktop/OpenHarmony_HeartBeat_Monitor/entry/src/main/ets/common/NetworkManager.ets:75:17
 'isWifiActive' has been deprecated.
[39m
[33mWARN: [33mArkTS:WARN File: C:/Users/xingqiliang.DC/Desktop/OpenHarmony_HeartBeat_Monitor/entry/src/main/ets/common/NetworkManager.ets:77:14
 'enableWifi' has been deprecated.
[39m
[33mWARN: [33mArkTS:WARN File: C:/Users/xingqiliang.DC/Desktop/OpenHarmony_HeartBeat_Monitor/entry/src/main/ets/common/NetworkManager.ets:77:14
 'enableWifi' is system api
[39m
[33mWARN: [33mArkTS:WARN File: C:/Users/xingqiliang.DC/Desktop/OpenHarmony_HeartBeat_Monitor/entry/src/main/ets/common/NetworkManager.ets:94:12
 'disconnect' has been deprecated.
[39m
[33mWARN: [33mArkTS:WARN File: C:/Users/xingqiliang.DC/Desktop/OpenHarmony_HeartBeat_Monitor/entry/src/main/ets/common/NetworkManager.ets:94:12
 'disconnect' is system api
[39m
[33mWARN: [33mArkTS:WARN File: C:/Users/xingqiliang.DC/Desktop/OpenHarmony_HeartBeat_Monitor/entry/src/main/ets/common/NetworkManager.ets:97:36
 'getDeviceConfigs' has been deprecated.
[39m
[33mWARN: [33mArkTS:WARN File: C:/Users/xingqiliang.DC/Desktop/OpenHarmony_HeartBeat_Monitor/entry/src/main/ets/common/NetworkManager.ets:97:36
 'getDeviceConfigs' is system api
[39m
[33mWARN: [33mArkTS:WARN File: C:/Users/xingqiliang.DC/Desktop/OpenHarmony_HeartBeat_Monitor/entry/src/main/ets/common/NetworkManager.ets:98:53
 'ssid' has been deprecated.
[39m
[33mWARN: [33mArkTS:WARN File: C:/Users/xingqiliang.DC/Desktop/OpenHarmony_HeartBeat_Monitor/entry/src/main/ets/common/NetworkManager.ets:100:88
 'netId' has been deprecated.
[39m
[33mWARN: [33mArkTS:WARN File: C:/Users/xingqiliang.DC/Desktop/OpenHarmony_HeartBeat_Monitor/entry/src/main/ets/common/NetworkManager.ets:101:14
 'disableNetwork' has been deprecated.
[39m
[33mWARN: [33mArkTS:WARN File: C:/Users/xingqiliang.DC/Desktop/OpenHarmony_HeartBeat_Monitor/entry/src/main/ets/common/NetworkManager.ets:101:14
 'disableNetwork' is system api
[39m
[33mWARN: [33mArkTS:WARN File: C:/Users/xingqiliang.DC/Desktop/OpenHarmony_HeartBeat_Monitor/entry/src/main/ets/common/NetworkManager.ets:101:39
 'netId' has been deprecated.
[39m
[33mWARN: [33mArkTS:WARN File: C:/Users/xingqiliang.DC/Desktop/OpenHarmony_HeartBeat_Monitor/entry/src/main/ets/common/NetworkManager.ets:102:14
 'removeDevice' has been deprecated.
[39m
[33mWARN: [33mArkTS:WARN File: C:/Users/xingqiliang.DC/Desktop/OpenHarmony_HeartBeat_Monitor/entry/src/main/ets/common/NetworkManager.ets:102:14
 'removeDevice' is system api
[39m
[33mWARN: [33mArkTS:WARN File: C:/Users/xingqiliang.DC/Desktop/OpenHarmony_HeartBeat_Monitor/entry/src/main/ets/common/NetworkManager.ets:102:37
 'netId' has been deprecated.
[39m
[33mWARN: [33mArkTS:WARN File: C:/Users/xingqiliang.DC/Desktop/OpenHarmony_HeartBeat_Monitor/entry/src/main/ets/common/NetworkManager.ets:126:22
 'IpType' has been deprecated.
[39m
[33mWARN: [33mArkTS:WARN File: C:/Users/xingqiliang.DC/Desktop/OpenHarmony_HeartBeat_Monitor/entry/src/main/ets/common/NetworkManager.ets:126:22
 'IpType' is system api
[39m
[33mWARN: [33mArkTS:WARN File: C:/Users/xingqiliang.DC/Desktop/OpenHarmony_HeartBeat_Monitor/entry/src/main/ets/common/NetworkManager.ets:126:29
 'STATIC' has been deprecated.
[39m
[33mWARN: [33mArkTS:WARN File: C:/Users/xingqiliang.DC/Desktop/OpenHarmony_HeartBeat_Monitor/entry/src/main/ets/common/NetworkManager.ets:126:29
 'STATIC' is system api
[39m
[33mWARN: [33mArkTS:WARN File: C:/Users/xingqiliang.DC/Desktop/OpenHarmony_HeartBeat_Monitor/entry/src/main/ets/common/NetworkManager.ets:136:35
 'addDeviceConfig' has been deprecated.
[39m
[33mWARN: [33mArkTS:WARN File: C:/Users/xingqiliang.DC/Desktop/OpenHarmony_HeartBeat_Monitor/entry/src/main/ets/common/NetworkManager.ets:136:35
 'addDeviceConfig' is system api
[39m
[33mWARN: [33mArkTS:WARN File: C:/Users/xingqiliang.DC/Desktop/OpenHarmony_HeartBeat_Monitor/entry/src/main/ets/common/NetworkManager.ets:142:34
 'connectToNetwork' has been deprecated.
[39m
[33mWARN: [33mArkTS:WARN File: C:/Users/xingqiliang.DC/Desktop/OpenHarmony_HeartBeat_Monitor/entry/src/main/ets/common/NetworkManager.ets:142:34
 'connectToNetwork' is system api
[39m
[33mWARN: [33mArkTS:WARN File: C:/Users/xingqiliang.DC/Desktop/OpenHarmony_HeartBeat_Monitor/entry/src/main/ets/common/NetworkManager.ets:159:17
 'isWifiActive' has been deprecated.
[39m
[33mWARN: [33mArkTS:WARN File: C:/Users/xingqiliang.DC/Desktop/OpenHarmony_HeartBeat_Monitor/entry/src/main/ets/common/NetworkManager.ets:164:34
 'getDeviceConfigs' has been deprecated.
[39m
[33mWARN: [33mArkTS:WARN File: C:/Users/xingqiliang.DC/Desktop/OpenHarmony_HeartBeat_Monitor/entry/src/main/ets/common/NetworkManager.ets:164:34
 'getDeviceConfigs' is system api
[39m
[33mWARN: [33mArkTS:WARN File: C:/Users/xingqiliang.DC/Desktop/OpenHarmony_HeartBeat_Monitor/entry/src/main/ets/common/NetworkManager.ets:176:41
 'ssid' has been deprecated.
[39m
[33mWARN: [33mArkTS:WARN File: C:/Users/xingqiliang.DC/Desktop/OpenHarmony_HeartBeat_Monitor/entry/src/main/ets/common/NetworkManager.ets:176:65
 'netId' has been deprecated.
[39m
[33mWARN: [33mArkTS:WARN File: C:/Users/xingqiliang.DC/Desktop/OpenHarmony_HeartBeat_Monitor/entry/src/main/ets/common/NetworkManager.ets:177:16
 'disableNetwork' has been deprecated.
[39m
[33mWARN: [33mArkTS:WARN File: C:/Users/xingqiliang.DC/Desktop/OpenHarmony_HeartBeat_Monitor/entry/src/main/ets/common/NetworkManager.ets:177:16
 'disableNetwork' is system api
[39m
[33mWARN: [33mArkTS:WARN File: C:/Users/xingqiliang.DC/Desktop/OpenHarmony_HeartBeat_Monitor/entry/src/main/ets/common/NetworkManager.ets:177:39
 'netId' has been deprecated.
[39m
[33mWARN: [33mArkTS:WARN File: C:/Users/xingqiliang.DC/Desktop/OpenHarmony_HeartBeat_Monitor/entry/src/main/ets/common/NetworkManager.ets:178:16
 'removeDevice' has been deprecated.
[39m
[33mWARN: [33mArkTS:WARN File: C:/Users/xingqiliang.DC/Desktop/OpenHarmony_HeartBeat_Monitor/entry/src/main/ets/common/NetworkManager.ets:178:16
 'removeDevice' is system api
[39m
[33mWARN: [33mArkTS:WARN File: C:/Users/xingqiliang.DC/Desktop/OpenHarmony_HeartBeat_Monitor/entry/src/main/ets/common/NetworkManager.ets:178:37
 'netId' has been deprecated.
[39m
[33mWARN: [33mArkTS:WARN File: C:/Users/xingqiliang.DC/Desktop/OpenHarmony_HeartBeat_Monitor/entry/src/main/ets/common/NetworkManager.ets:181:48
 'ssid' has been deprecated.
[39m
[33mWARN: [33mArkTS:WARN File: C:/Users/xingqiliang.DC/Desktop/OpenHarmony_HeartBeat_Monitor/entry/src/main/ets/common/NetworkManager.ets:186:12
 'disconnect' has been deprecated.
[39m
[33mWARN: [33mArkTS:WARN File: C:/Users/xingqiliang.DC/Desktop/OpenHarmony_HeartBeat_Monitor/entry/src/main/ets/common/NetworkManager.ets:186:12
 'disconnect' is system api
[39m
[33mWARN: [33mArkTS:WARN File: C:/Users/xingqiliang.DC/Desktop/OpenHarmony_HeartBeat_Monitor/entry/src/main/ets/common/DeviceMonitor.ets:233:36
 'encode' has been deprecated.
[39m
[33mWARN: [33mArkTS:WARN File: C:/Users/xingqiliang.DC/Desktop/OpenHarmony_HeartBeat_Monitor/entry/src/main/ets/common/DeviceMonitor.ets:401:28
 'encode' has been deprecated.
[39m
[33mWARN: [33mArkTS:WARN File: C:/Users/xingqiliang.DC/Desktop/OpenHarmony_HeartBeat_Monitor/entry/src/main/ets/common/DeviceMonitor.ets:428:34
 'decode' has been deprecated.
[39m
[33mWARN: [33mArkTS:WARN File: C:/Users/xingqiliang.DC/Desktop/OpenHarmony_HeartBeat_Monitor/entry/src/main/ets/pages/Index.ets:125:52
 'decode' has been deprecated.
[39m
[33mWARN: [33mArkTS:WARN File: C:/Users/xingqiliang.DC/Desktop/OpenHarmony_HeartBeat_Monitor/entry/src/main/ets/pages/Index.ets:383:37
 'encode' has been deprecated.
[39m
[33mWARN: [33mArkTS:WARN File: C:/Users/xingqiliang.DC/Desktop/OpenHarmony_HeartBeat_Monitor/entry/src/main/ets/pages/Index.ets:565:30
 'WifiSecurityType' has been deprecated.
[39m
[33mWARN: [33mArkTS:WARN File: C:/Users/xingqiliang.DC/Desktop/OpenHarmony_HeartBeat_Monitor/entry/src/main/ets/pages/Index.ets:565:47
 'WIFI_SEC_TYPE_PSK' has been deprecated.
[39m

[2025-08-18T10:53:44.477] [DEBUG] debug-file - Ark compile task finished.finished time is 608041226306500
[2025-08-18T10:53:44.478] [DEBUG] debug-file - worker[4] has one work done.
[2025-08-18T10:53:44.483] [DEBUG] debug-file - default@CompileArkTS work[0] done.
[2025-08-18T10:53:44.483] [DEBUG] debug-file - A work dispatched to worker[4] failed because unable to get work from ready queue.
[2025-08-18T10:53:44.485] [INFO] debug-file - Finished :entry:default@CompileArkTS... after 4 s 788 ms 
[2025-08-18T10:53:44.487] [DEBUG] debug-file - jsonObjWithoutParam {} at undefined
[2025-08-18T10:53:44.487] [DEBUG] debug-file - jsonObjWithoutParam {"name":"entry","version":"1.0.0","description":"Please describe the basic information.","main":"","author":"","license":"","dependencies":{}} at undefined
[2025-08-18T10:53:44.487] [DEBUG] debug-file - Executing task :entry:default@GeneratePkgModuleJson
[2025-08-18T10:53:44.488] [DEBUG] debug-file - Task 'entry:default@GeneratePkgModuleJson' cost while wrapping incremental declarations: 1 ms 
[2025-08-18T10:53:44.488] [DEBUG] debug-file - entry:default@GeneratePkgModuleJson is not up-to-date, since the input file 'C:\Users\xingqiliang.DC\Desktop\OpenHarmony_HeartBeat_Monitor\entry\build\default\intermediates\res\default\module.json' has been changed.
[2025-08-18T10:53:44.488] [DEBUG] debug-file - Incremental task entry:default@GeneratePkgModuleJson pre-execution cost: 1 ms .
[2025-08-18T10:53:44.488] [DEBUG] debug-file - jsonObjWithoutParam {} at undefined
[2025-08-18T10:53:44.488] [DEBUG] debug-file - jsonObjWithoutParam {"name":"entry","version":"1.0.0","description":"Please describe the basic information.","main":"","author":"","license":"","dependencies":{}} at undefined
[2025-08-18T10:53:44.490] [DEBUG] debug-file - entry : default@GeneratePkgModuleJson cost memory 0.1247100830078125
[2025-08-18T10:53:44.490] [DEBUG] debug-file - runTaskFromQueue task cost before running: 7 s 509 ms 
[2025-08-18T10:53:44.490] [INFO] debug-file - Finished :entry:default@GeneratePkgModuleJson... after 3 ms 
[2025-08-18T10:53:44.493] [DEBUG] debug-file - jsonObjWithoutParam {} at undefined
[2025-08-18T10:53:44.493] [DEBUG] debug-file - jsonObjWithoutParam {"name":"entry","version":"1.0.0","description":"Please describe the basic information.","main":"","author":"","license":"","dependencies":{}} at undefined
[2025-08-18T10:53:44.498] [DEBUG] debug-file - Executing task :entry:default@PackageHap
[2025-08-18T10:53:44.502] [DEBUG] debug-file - entry:default@PackageHap is not up-to-date, since the input file 'C:\Users\xingqiliang.DC\Desktop\OpenHarmony_HeartBeat_Monitor\entry\build\default\intermediates\res\default\module.json' has been changed.
[2025-08-18T10:53:44.503] [DEBUG] debug-file - Incremental task entry:default@PackageHap pre-execution cost: 3 ms .
[2025-08-18T10:53:44.503] [DEBUG] debug-file - jsonObjWithoutParam {} at undefined
[2025-08-18T10:53:44.503] [DEBUG] debug-file - jsonObjWithoutParam {"name":"entry","version":"1.0.0","description":"Please describe the basic information.","main":"","author":"","license":"","dependencies":{}} at undefined
[2025-08-18T10:53:44.504] [DEBUG] debug-file - Use tool [C:\Users\xingqiliang.DC\AppData\Local\OpenHarmony\Sdk\12\toolchains\lib\app_packing_tool.jar]
 [
  'java',
  '-Dfile.encoding=GBK',
  '-jar',
  'C:\\Users\\xingqiliang.DC\\AppData\\Local\\OpenHarmony\\Sdk\\12\\toolchains\\lib\\app_packing_tool.jar',
  '--mode',
  'hap',
  '--force',
  'true',
  '--lib-path',
  'C:\\Users\\xingqiliang.DC\\Desktop\\OpenHarmony_HeartBeat_Monitor\\entry\\build\\default\\intermediates\\stripped_native_libs\\default',
  '--json-path',
  'C:\\Users\\xingqiliang.DC\\Desktop\\OpenHarmony_HeartBeat_Monitor\\entry\\build\\default\\intermediates\\package\\default\\module.json',
  '--resources-path',
  'C:\\Users\\xingqiliang.DC\\Desktop\\OpenHarmony_HeartBeat_Monitor\\entry\\build\\default\\intermediates\\res\\default\\resources',
  '--index-path',
  'C:\\Users\\xingqiliang.DC\\Desktop\\OpenHarmony_HeartBeat_Monitor\\entry\\build\\default\\intermediates\\res\\default\\resources.index',
  '--pack-info-path',
  'C:\\Users\\xingqiliang.DC\\Desktop\\OpenHarmony_HeartBeat_Monitor\\entry\\build\\default\\outputs\\default\\pack.info',
  '--out-path',
  'C:\\Users\\xingqiliang.DC\\Desktop\\OpenHarmony_HeartBeat_Monitor\\entry\\build\\default\\outputs\\default\\entry-default-unsigned.hap',
  '--rpcid-path',
  'C:\\Users\\xingqiliang.DC\\Desktop\\OpenHarmony_HeartBeat_Monitor\\entry\\build\\default\\intermediates\\syscap\\default\\rpcid.sc',
  '--ets-path',
  'C:\\Users\\xingqiliang.DC\\Desktop\\OpenHarmony_HeartBeat_Monitor\\entry\\build\\default\\intermediates\\loader_out\\default\\ets'
]
[2025-08-18T10:53:44.505] [DEBUG] debug-file - default@PackageHap work[2] is submitted.
[2025-08-18T10:53:44.506] [DEBUG] debug-file - default@PackageHap work[2] is pushed to ready queue.
[2025-08-18T10:53:44.506] [DEBUG] debug-file - A work dispatched to worker[15] failed because unable to get work from ready queue.
[2025-08-18T10:53:44.506] [DEBUG] debug-file - default@PackageHap work[2] has been dispatched to worker[14].
[2025-08-18T10:53:44.506] [DEBUG] debug-file - default@PackageHap work[2] is dispatched.
[2025-08-18T10:53:44.510] [DEBUG] debug-file - entry : default@PackageHap cost memory 0.9428787231445312
[2025-08-18T10:53:44.575] [DEBUG] debug-file - current process  memoryUsage: {
  rss: 707457024,
  heapTotal: 76275712,
  heapUsed: 57152808,
  external: 2689727,
  arrayBuffers: 637425
} os memoryUsage :10.724414825439453
[2025-08-18T10:53:44.987] [DEBUG] debug-file - worker[14] has one work done.
[2025-08-18T10:53:44.987] [DEBUG] debug-file - default@PackageHap work[2] done.
[2025-08-18T10:53:44.988] [DEBUG] debug-file - A work dispatched to worker[14] failed because unable to get work from ready queue.
[2025-08-18T10:53:44.990] [INFO] debug-file - Finished :entry:default@PackageHap... after 426 ms 
[2025-08-18T10:53:44.991] [DEBUG] debug-file - jsonObjWithoutParam {} at undefined
[2025-08-18T10:53:44.991] [DEBUG] debug-file - jsonObjWithoutParam {"name":"entry","version":"1.0.0","description":"Please describe the basic information.","main":"","author":"","license":"","dependencies":{}} at undefined
[2025-08-18T10:53:44.993] [DEBUG] debug-file - Executing task :entry:default@SignHap
[2025-08-18T10:53:44.996] [DEBUG] debug-file - entry:default@SignHap is not up-to-date, since the input file 'C:\Users\xingqiliang.DC\Desktop\OpenHarmony_HeartBeat_Monitor\entry\build\default\outputs\default\entry-default-unsigned.hap' has been changed.
[2025-08-18T10:53:44.996] [DEBUG] debug-file - Incremental task entry:default@SignHap pre-execution cost: 3 ms .
[2025-08-18T10:53:44.996] [DEBUG] debug-file - jsonObjWithoutParam {} at undefined
[2025-08-18T10:53:44.996] [DEBUG] debug-file - jsonObjWithoutParam {"name":"entry","version":"1.0.0","description":"Please describe the basic information.","main":"","author":"","license":"","dependencies":{}} at undefined
[2025-08-18T10:53:45.864] [DEBUG] debug-file - java daemon socket received message:{"code":0,"message":"verify profile success"}
[2025-08-18T10:53:45.871] [DEBUG] debug-file - java daemon socket close code:1000 reason:close by user
[2025-08-18T10:53:46.126] [DEBUG] debug-file - java daemon socket received message:{"code":0,"message":"sign app success"}
[2025-08-18T10:53:46.127] [DEBUG] debug-file - entry : default@SignHap cost memory 1.1808242797851562
[2025-08-18T10:53:46.127] [DEBUG] debug-file - runTaskFromQueue task cost before running: 9 s 146 ms 
[2025-08-18T10:53:46.128] [INFO] debug-file - Finished :entry:default@SignHap... after 1 s 134 ms 
[2025-08-18T10:53:46.130] [DEBUG] debug-file - jsonObjWithoutParam {} at undefined
[2025-08-18T10:53:46.130] [DEBUG] debug-file - jsonObjWithoutParam {"name":"entry","version":"1.0.0","description":"Please describe the basic information.","main":"","author":"","license":"","dependencies":{}} at undefined
[2025-08-18T10:53:46.130] [DEBUG] debug-file - Executing task :entry:default@CollectDebugSymbol
[2025-08-18T10:53:46.134] [DEBUG] debug-file - jsonObjWithoutParam {} at undefined
[2025-08-18T10:53:46.134] [DEBUG] debug-file - jsonObjWithoutParam {"name":"entry","version":"1.0.0","description":"Please describe the basic information.","main":"","author":"","license":"","dependencies":{}} at undefined
[2025-08-18T10:53:46.134] [DEBUG] debug-file - entry : default@CollectDebugSymbol cost memory 0.24864959716796875
[2025-08-18T10:53:46.134] [DEBUG] debug-file - runTaskFromQueue task cost before running: 9 s 153 ms 
[2025-08-18T10:53:46.134] [INFO] debug-file - Finished :entry:default@CollectDebugSymbol... after 4 ms 
[2025-08-18T10:53:46.135] [DEBUG] debug-file - Executing task :entry:assembleHap
[2025-08-18T10:53:46.136] [DEBUG] debug-file - entry : assembleHap cost memory 0.0118408203125
[2025-08-18T10:53:46.136] [DEBUG] debug-file - runTaskFromQueue task cost before running: 9 s 155 ms 
[2025-08-18T10:53:46.136] [INFO] debug-file - Finished :entry:assembleHap... after 1 ms 
[2025-08-18T10:53:46.143] [DEBUG] debug-file - BUILD SUCCESSFUL in 9 s 162 ms 
[2025-08-18T10:53:46.144] [DEBUG] debug-file - There is no need to refresh cache, since the incremental task entry:default@PreBuild is up-to-date.
[2025-08-18T10:53:46.144] [DEBUG] debug-file - Update task entry:default@CreateModuleInfo output file:C:\Users\xingqiliang.DC\Desktop\OpenHarmony_HeartBeat_Monitor\entry\build\default\generated\profile\default\ModuleInfo.ts cache.
[2025-08-18T10:53:46.144] [DEBUG] debug-file - Incremental task entry:default@CreateModuleInfo post-execution cost:1 ms .
[2025-08-18T10:53:46.144] [DEBUG] debug-file - There is no need to refresh cache, since the incremental task entry:default@GenerateMetadata is up-to-date.
[2025-08-18T10:53:46.144] [DEBUG] debug-file - Update task entry:default@MergeProfile input file:C:\Users\xingqiliang.DC\Desktop\OpenHarmony_HeartBeat_Monitor\AppScope\app.json5 cache by regenerate.
[2025-08-18T10:53:46.145] [DEBUG] debug-file - Update task entry:default@MergeProfile input file:C:\Users\xingqiliang.DC\Desktop\OpenHarmony_HeartBeat_Monitor\build-profile.json5 cache by regenerate.
[2025-08-18T10:53:46.145] [DEBUG] debug-file - Update task entry:default@MergeProfile input file:C:\Users\xingqiliang.DC\Desktop\OpenHarmony_HeartBeat_Monitor\entry\src\main\module.json5 cache by regenerate.
[2025-08-18T10:53:46.145] [DEBUG] debug-file - Update task entry:default@MergeProfile output file:C:\Users\xingqiliang.DC\Desktop\OpenHarmony_HeartBeat_Monitor\entry\build\default\intermediates\merge_profile\default\module.json cache.
[2025-08-18T10:53:46.145] [DEBUG] debug-file - Incremental task entry:default@MergeProfile post-execution cost:1 ms .
[2025-08-18T10:53:46.145] [DEBUG] debug-file - Update task entry:default@CreateBuildProfile input file:C:\Users\xingqiliang.DC\Desktop\OpenHarmony_HeartBeat_Monitor\AppScope\app.json5 cache by regenerate.
[2025-08-18T10:53:46.145] [DEBUG] debug-file - Update task entry:default@CreateBuildProfile input file:C:\Users\xingqiliang.DC\Desktop\OpenHarmony_HeartBeat_Monitor\build-profile.json5 cache by regenerate.
[2025-08-18T10:53:46.146] [DEBUG] debug-file - Update task entry:default@CreateBuildProfile output file:C:\Users\xingqiliang.DC\Desktop\OpenHarmony_HeartBeat_Monitor\entry\build\default\generated\profile\default\BuildProfile.ets cache.
[2025-08-18T10:53:46.146] [DEBUG] debug-file - Incremental task entry:default@CreateBuildProfile post-execution cost:1 ms .
[2025-08-18T10:53:46.146] [DEBUG] debug-file - Update task entry:default@GeneratePkgContextInfo output file:C:\Users\xingqiliang.DC\Desktop\OpenHarmony_HeartBeat_Monitor\entry\build\default\intermediates\loader\default\pkgContextInfo.json cache.
[2025-08-18T10:53:46.146] [DEBUG] debug-file - Incremental task entry:default@GeneratePkgContextInfo post-execution cost:1 ms .
[2025-08-18T10:53:46.146] [DEBUG] debug-file - Update task entry:default@ProcessIntegratedHsp output file:C:\Users\xingqiliang.DC\Desktop\OpenHarmony_HeartBeat_Monitor\build\cache\default\integrated_hsp\integratedHspCache.json cache.
[2025-08-18T10:53:46.147] [DEBUG] debug-file - Incremental task entry:default@ProcessIntegratedHsp post-execution cost:1 ms .
[2025-08-18T10:53:46.147] [DEBUG] debug-file - There is no need to refresh cache, since the incremental task entry:default@MakePackInfo is up-to-date.
[2025-08-18T10:53:46.147] [DEBUG] debug-file - There is no need to refresh cache, since the incremental task entry:default@SyscapTransform is up-to-date.
[2025-08-18T10:53:46.147] [DEBUG] debug-file - Update task entry:default@ProcessProfile input file:C:\Users\xingqiliang.DC\Desktop\OpenHarmony_HeartBeat_Monitor\entry\build\default\intermediates\merge_profile\default\module.json cache from map.
[2025-08-18T10:53:46.147] [DEBUG] debug-file - Update task entry:default@ProcessProfile output file:C:\Users\xingqiliang.DC\Desktop\OpenHarmony_HeartBeat_Monitor\entry\build\default\intermediates\process_profile\default\module.json cache.
[2025-08-18T10:53:46.147] [DEBUG] debug-file - Incremental task entry:default@ProcessProfile post-execution cost:1 ms .
[2025-08-18T10:53:46.148] [DEBUG] debug-file - Update task entry:default@ProcessRouterMap input file:C:\Users\xingqiliang.DC\Desktop\OpenHarmony_HeartBeat_Monitor\entry\oh-package.json5 cache by regenerate.
[2025-08-18T10:53:46.148] [DEBUG] debug-file - Update task entry:default@ProcessRouterMap input file:C:\Users\xingqiliang.DC\Desktop\OpenHarmony_HeartBeat_Monitor\oh-package.json5 cache by regenerate.
[2025-08-18T10:53:46.148] [DEBUG] debug-file - Update task entry:default@ProcessRouterMap input file:C:\Users\xingqiliang.DC\Desktop\OpenHarmony_HeartBeat_Monitor\entry\src\main\module.json5 cache by regenerate.
[2025-08-18T10:53:46.148] [DEBUG] debug-file - Update task entry:default@ProcessRouterMap output file:C:\Users\xingqiliang.DC\Desktop\OpenHarmony_HeartBeat_Monitor\entry\build\default\intermediates\router_map\default\temp-router-map.json cache.
[2025-08-18T10:53:46.148] [DEBUG] debug-file - Update task entry:default@ProcessRouterMap output file:C:\Users\xingqiliang.DC\Desktop\OpenHarmony_HeartBeat_Monitor\entry\build\default\intermediates\router_map\default\loader-router-map.json cache.
[2025-08-18T10:53:46.148] [DEBUG] debug-file - Incremental task entry:default@ProcessRouterMap post-execution cost:2 ms .
[2025-08-18T10:53:46.148] [DEBUG] debug-file - There is no need to refresh cache, since the incremental task entry:default@ProcessResource is up-to-date.
[2025-08-18T10:53:46.150] [DEBUG] debug-file - Update task entry:default@GenerateLoaderJson input file:C:\Users\xingqiliang.DC\Desktop\OpenHarmony_HeartBeat_Monitor\entry\src\mock\mock-config.json5 cache by regenerate.
[2025-08-18T10:53:46.150] [DEBUG] debug-file - Update task entry:default@GenerateLoaderJson input file:C:\Users\xingqiliang.DC\Desktop\OpenHarmony_HeartBeat_Monitor\entry\build\default\intermediates\router_map\default\temp-router-map.json cache from map.
[2025-08-18T10:53:46.150] [DEBUG] debug-file - Update task entry:default@GenerateLoaderJson output file:C:\Users\xingqiliang.DC\Desktop\OpenHarmony_HeartBeat_Monitor\entry\build\default\intermediates\loader\default\loader.json cache.
[2025-08-18T10:53:46.150] [DEBUG] debug-file - Incremental task entry:default@GenerateLoaderJson post-execution cost:2 ms .
[2025-08-18T10:53:46.150] [DEBUG] debug-file - There is no need to refresh cache, since the incremental task entry:default@ProcessLibs is up-to-date.
[2025-08-18T10:53:46.151] [DEBUG] debug-file - Update task entry:default@CompileResource input file:C:\Users\xingqiliang.DC\Desktop\OpenHarmony_HeartBeat_Monitor\entry\src\main\resources cache by regenerate.
[2025-08-18T10:53:46.152] [DEBUG] debug-file - Update task entry:default@CompileResource input file:C:\Users\xingqiliang.DC\Desktop\OpenHarmony_HeartBeat_Monitor\AppScope\resources cache by regenerate.
[2025-08-18T10:53:46.153] [DEBUG] debug-file - Update task entry:default@CompileResource input file:C:\Users\xingqiliang.DC\Desktop\OpenHarmony_HeartBeat_Monitor\entry\build\default\intermediates\process_profile\default\module.json cache from map.
[2025-08-18T10:53:46.153] [DEBUG] debug-file - Update task entry:default@CompileResource input file:C:\Users\xingqiliang.DC\Desktop\OpenHarmony_HeartBeat_Monitor\entry\build\default\intermediates\res\default\resConfig.json cache by regenerate.
[2025-08-18T10:53:46.153] [DEBUG] debug-file - Update task entry:default@CompileResource output file:C:\Users\xingqiliang.DC\Desktop\OpenHarmony_HeartBeat_Monitor\entry\build\default\intermediates\res\default cache.
[2025-08-18T10:53:46.155] [DEBUG] debug-file - Update task entry:default@CompileResource output file:C:\Users\xingqiliang.DC\Desktop\OpenHarmony_HeartBeat_Monitor\entry\build\default\generated\r\default\ResourceTable.h cache.
[2025-08-18T10:53:46.155] [DEBUG] debug-file - Update task entry:default@CompileResource output file:C:\Users\xingqiliang.DC\Desktop\OpenHarmony_HeartBeat_Monitor\entry\build\default\generated\r\default cache.
[2025-08-18T10:53:46.155] [DEBUG] debug-file - Incremental task entry:default@CompileResource post-execution cost:5 ms .
[2025-08-18T10:53:46.155] [DEBUG] debug-file - There is no need to refresh cache, since the incremental task entry:default@DoNativeStrip is up-to-date.
[2025-08-18T10:53:46.156] [DEBUG] debug-file - Update task entry:default@CompileArkTS input file:C:\Users\xingqiliang.DC\Desktop\OpenHarmony_HeartBeat_Monitor\entry\build\default\intermediates\loader\default cache from map.
[2025-08-18T10:53:46.156] [DEBUG] debug-file - Update task entry:default@CompileArkTS input file:C:\Users\xingqiliang.DC\Desktop\OpenHarmony_HeartBeat_Monitor\entry\build\default\intermediates\res\default\ResourceTable.txt cache by regenerate.
[2025-08-18T10:53:46.157] [DEBUG] debug-file - Update task entry:default@CompileArkTS input file:C:\Users\xingqiliang.DC\Desktop\OpenHarmony_HeartBeat_Monitor\entry\build\default\intermediates\res\default\ark_module.json cache by regenerate.
[2025-08-18T10:53:46.157] [DEBUG] debug-file - Update task entry:default@CompileArkTS input file:C:\Users\xingqiliang.DC\Desktop\OpenHarmony_HeartBeat_Monitor\entry\build\default\intermediates\res\default\resources\base\profile cache by regenerate.
[2025-08-18T10:53:46.157] [DEBUG] debug-file - Update task entry:default@CompileArkTS input file:C:\Users\xingqiliang.DC\Desktop\OpenHarmony_HeartBeat_Monitor\entry\src\main\ets cache by regenerate.
[2025-08-18T10:53:46.158] [DEBUG] debug-file - Update task entry:default@CompileArkTS input file:C:\Users\xingqiliang.DC\Desktop\OpenHarmony_HeartBeat_Monitor\entry\build\default\generated\profile\default\BuildProfile.ets cache by regenerate.
[2025-08-18T10:53:46.158] [DEBUG] debug-file - Update task entry:default@CompileArkTS input file:C:\Users\xingqiliang.DC\Desktop\OpenHarmony_HeartBeat_Monitor\entry\src\mock\mock-config.json5 cache by regenerate.
[2025-08-18T10:53:46.159] [DEBUG] debug-file - Update task entry:default@CompileArkTS output file:C:\Users\xingqiliang.DC\Desktop\OpenHarmony_HeartBeat_Monitor\entry\build\default\intermediates\loader_out\default\ets cache.
[2025-08-18T10:53:46.159] [DEBUG] debug-file - Incremental task entry:default@CompileArkTS post-execution cost:4 ms .
[2025-08-18T10:53:46.160] [DEBUG] debug-file - Update task entry:default@BuildJS input file:C:\Users\xingqiliang.DC\Desktop\OpenHarmony_HeartBeat_Monitor\entry\build\default\intermediates\loader\default cache by regenerate.
[2025-08-18T10:53:46.160] [DEBUG] debug-file - Update task entry:default@BuildJS input file:C:\Users\xingqiliang.DC\Desktop\OpenHarmony_HeartBeat_Monitor\entry\build\default\intermediates\res\default\ResourceTable.txt cache by regenerate.
[2025-08-18T10:53:46.160] [DEBUG] debug-file - Update task entry:default@BuildJS input file:C:\Users\xingqiliang.DC\Desktop\OpenHarmony_HeartBeat_Monitor\entry\build\default\intermediates\res\default\ark_module.json cache by regenerate.
[2025-08-18T10:53:46.160] [DEBUG] debug-file - Update task entry:default@BuildJS input file:C:\Users\xingqiliang.DC\Desktop\OpenHarmony_HeartBeat_Monitor\entry\build\default\intermediates\res\default\resources\base\profile cache by regenerate.
[2025-08-18T10:53:46.161] [DEBUG] debug-file - Update task entry:default@BuildJS output file:C:\Users\xingqiliang.DC\Desktop\OpenHarmony_HeartBeat_Monitor\entry\build\default\intermediates\loader_out\default\js cache.
[2025-08-18T10:53:46.161] [DEBUG] debug-file - Incremental task entry:default@BuildJS post-execution cost:3 ms .
[2025-08-18T10:53:46.161] [DEBUG] debug-file - There is no need to refresh cache, since the incremental task entry:default@CacheNativeLibs is up-to-date.
[2025-08-18T10:53:46.161] [DEBUG] debug-file - Update task entry:default@GeneratePkgModuleJson input file:C:\Users\xingqiliang.DC\Desktop\OpenHarmony_HeartBeat_Monitor\entry\build\default\intermediates\res\default\module.json cache from map.
[2025-08-18T10:53:46.161] [DEBUG] debug-file - Update task entry:default@GeneratePkgModuleJson output file:C:\Users\xingqiliang.DC\Desktop\OpenHarmony_HeartBeat_Monitor\entry\build\default\intermediates\package\default\module.json cache.
[2025-08-18T10:53:46.162] [DEBUG] debug-file - Incremental task entry:default@GeneratePkgModuleJson post-execution cost:1 ms .
[2025-08-18T10:53:46.162] [DEBUG] debug-file - Update task entry:default@PackageHap input file:C:\Users\xingqiliang.DC\Desktop\OpenHarmony_HeartBeat_Monitor\entry\build\default\intermediates\stripped_native_libs\default cache by regenerate.
[2025-08-18T10:53:46.162] [DEBUG] debug-file - Update task entry:default@PackageHap input file:C:\Users\xingqiliang.DC\Desktop\OpenHarmony_HeartBeat_Monitor\entry\build\default\intermediates\res\default\module.json cache from map.
[2025-08-18T10:53:46.162] [DEBUG] debug-file - Update task entry:default@PackageHap input file:C:\Users\xingqiliang.DC\Desktop\OpenHarmony_HeartBeat_Monitor\entry\build\default\intermediates\res\default\resources cache by regenerate.
[2025-08-18T10:53:46.163] [DEBUG] debug-file - Update task entry:default@PackageHap input file:C:\Users\xingqiliang.DC\Desktop\OpenHarmony_HeartBeat_Monitor\entry\build\default\intermediates\res\default\resources.index cache by regenerate.
[2025-08-18T10:53:46.163] [DEBUG] debug-file - Update task entry:default@PackageHap input file:C:\Users\xingqiliang.DC\Desktop\OpenHarmony_HeartBeat_Monitor\entry\build\default\outputs\default\pack.info cache by regenerate.
[2025-08-18T10:53:46.163] [DEBUG] debug-file - Update task entry:default@PackageHap input file:C:\Users\xingqiliang.DC\Desktop\OpenHarmony_HeartBeat_Monitor\entry\build\default\intermediates\syscap\default\rpcid.sc cache by regenerate.
[2025-08-18T10:53:46.164] [DEBUG] debug-file - Update task entry:default@PackageHap input file:C:\Users\xingqiliang.DC\Desktop\OpenHarmony_HeartBeat_Monitor\entry\build\default\intermediates\loader_out\default\ets cache by regenerate.
[2025-08-18T10:53:46.164] [DEBUG] debug-file - Update task entry:default@PackageHap input file:C:\Users\xingqiliang.DC\Desktop\OpenHarmony_HeartBeat_Monitor\entry\build\default\intermediates\loader_out\default\ets\sourceMaps.map cache by regenerate.
[2025-08-18T10:53:46.164] [DEBUG] debug-file - Update task entry:default@PackageHap input file:C:\Users\xingqiliang.DC\Desktop\OpenHarmony_HeartBeat_Monitor\entry\build\default\generated\profile\default\BuildProfile.ets cache by regenerate.
[2025-08-18T10:53:46.164] [DEBUG] debug-file - Update task entry:default@PackageHap output file:C:\Users\xingqiliang.DC\Desktop\OpenHarmony_HeartBeat_Monitor\entry\build\default\outputs\default\entry-default-unsigned.hap cache.
[2025-08-18T10:53:46.165] [DEBUG] debug-file - Update task entry:default@PackageHap output file:C:\Users\xingqiliang.DC\Desktop\OpenHarmony_HeartBeat_Monitor\entry\build\default\intermediates\source_map\default\sourceMaps.map cache.
[2025-08-18T10:53:46.165] [DEBUG] debug-file - Update task entry:default@PackageHap output file:C:\Users\xingqiliang.DC\Desktop\OpenHarmony_HeartBeat_Monitor\entry\build\default\outputs\default\mapping\sourceMaps.map cache.
[2025-08-18T10:53:46.165] [DEBUG] debug-file - Incremental task entry:default@PackageHap post-execution cost:4 ms .
[2025-08-18T10:53:46.165] [DEBUG] debug-file - Update task entry:default@SignHap input file:C:/Users/xingqiliang.DC/.ohos/config/openharmony/default_OpenHarmony_HeartBeat_Monitor_ex5BV-prOc32sRt1bVle560tyGwTNfe8R0LzRl2KYDs=.cer cache by regenerate.
[2025-08-18T10:53:46.165] [DEBUG] debug-file - Update task entry:default@SignHap input file:C:/Users/xingqiliang.DC/.ohos/config/openharmony/default_OpenHarmony_HeartBeat_Monitor_ex5BV-prOc32sRt1bVle560tyGwTNfe8R0LzRl2KYDs=.p7b cache by regenerate.
[2025-08-18T10:53:46.165] [DEBUG] debug-file - Update task entry:default@SignHap input file:C:/Users/xingqiliang.DC/.ohos/config/openharmony/default_OpenHarmony_HeartBeat_Monitor_ex5BV-prOc32sRt1bVle560tyGwTNfe8R0LzRl2KYDs=.p12 cache by regenerate.
[2025-08-18T10:53:46.165] [DEBUG] debug-file - Update task entry:default@SignHap input file:C:\Users\xingqiliang.DC\Desktop\OpenHarmony_HeartBeat_Monitor\entry\build\default\outputs\default\entry-default-unsigned.hap cache from map.
[2025-08-18T10:53:46.165] [DEBUG] debug-file - Update task entry:default@SignHap output file:C:\Users\xingqiliang.DC\Desktop\OpenHarmony_HeartBeat_Monitor\entry\build\default\outputs\default\entry-default-signed.hap cache.
[2025-08-18T10:53:46.166] [DEBUG] debug-file - Incremental task entry:default@SignHap post-execution cost:1 ms .
[2025-08-18T10:53:46.167] [DEBUG] debug-file - Update task entry:default@CollectDebugSymbol input file:C:\Users\xingqiliang.DC\Desktop\OpenHarmony_HeartBeat_Monitor\entry\build\default\intermediates\loader_out\default\ets\sourceMaps.map cache by regenerate.
[2025-08-18T10:53:46.167] [DEBUG] debug-file - Update task entry:default@CollectDebugSymbol input file:C:\Users\xingqiliang.DC\Desktop\OpenHarmony_HeartBeat_Monitor\entry\build\default\intermediates\libs\default cache by regenerate.
[2025-08-18T10:53:46.167] [DEBUG] debug-file - Update task entry:default@CollectDebugSymbol output file:C:\Users\xingqiliang.DC\Desktop\OpenHarmony_HeartBeat_Monitor\entry\build\default\outputs\default\symbol cache.
[2025-08-18T10:53:46.167] [DEBUG] debug-file - Incremental task entry:default@CollectDebugSymbol post-execution cost:2 ms .
[2025-08-18T10:53:46.188] [DEBUG] debug-file - Current worker pool is stopped or closed.
[2025-08-18T10:53:46.188] [DEBUG] debug-file - Clear worker 4.
[2025-08-18T10:53:46.189] [DEBUG] debug-file - Worker 4 has been cleared.
[2025-08-18T10:53:46.189] [DEBUG] debug-file - Current idle worker size: 1.
[2025-08-18T10:53:46.189] [DEBUG] debug-file - Current busy worker size: 0.
[2025-08-18T10:53:46.189] [DEBUG] debug-file - Clear worker 14.
[2025-08-18T10:53:46.189] [DEBUG] debug-file - Worker 14 has been cleared.
[2025-08-18T10:53:46.189] [DEBUG] debug-file - Current idle worker size: 0.
[2025-08-18T10:53:46.189] [DEBUG] debug-file - Current busy worker size: 0.
[2025-08-18T10:53:46.189] [DEBUG] debug-file - hvigor build process will be closed.
[2025-08-18T10:53:46.190] [DEBUG] debug-file - java daemon socket close code:1000 reason:close by user
[2025-08-18T10:53:46.193] [DEBUG] debug-file - Current worker pool is terminated.
[2025-08-18T10:53:46.197] [DEBUG] debug-file - session manager: send message to worker process.
[2025-08-18T10:53:46.197] [DEBUG] debug-file - session manager: send message to worker process.
[2025-08-18T10:53:46.198] [DEBUG] debug-file - watch worker: worker id should be larger than 0. Nothing will be sent to any worker thread.
[2025-08-18T10:53:46.199] [DEBUG] debug-file - watch worker: worker id should be larger than 0. Nothing will be sent to any worker thread.
[2025-08-18T10:53:46.205] [DEBUG] debug-file - worker[14] exits with exit code 1.
[2025-08-18T10:53:46.233] [DEBUG] debug-file - worker[4] exits with exit code 1.
[2025-08-18T15:33:24.641] [DEBUG] debug-file - env: nodejsVersion=v18.20.1
[2025-08-18T15:33:24.770] [DEBUG] debug-file - env: daemon=true
[2025-08-18T15:33:24.643] [DEBUG] debug-file - env: hvigor-config.json5 content = {
  modelVersion: '5.0.5',
  dependencies: {},
  execution: {},
  logging: {},
  debugging: {},
  nodeOptions: {}
}
[2025-08-18T15:33:25.444] [DEBUG] debug-file - java daemon tryConnect failed Error: connect ECONNREFUSED 127.0.0.1:45050
[2025-08-18T15:33:25.448] [DEBUG] debug-file - java daemon started at port 45050 pid 32676
[2025-08-18T15:33:25.529] [DEBUG] debug-file - session manager: set active socket. socketId=fSZWCQ7yw4HxQg0rAAAB
[2025-08-18T15:33:26.109] [DEBUG] debug-file - watch worker: worker id should be larger than 0. Nothing will be sent to any worker thread.
[2025-08-18T15:33:26.123] [DEBUG] debug-file - Hvigor init with startParameters:{
  hvigorfileTypeCheck: false,
  parallelExecution: true,
  incrementalExecution: true,
  printStackTrace: false,
  daemon: true,
  analyze: 0,
  logLevel: Level { level: 20000, levelStr: 'INFO', colour: 'green' }
}
[2025-08-18T15:33:26.129] [DEBUG] debug-file - Cache service initialization finished in 7 ms 
[2025-08-18T15:33:26.138] [DEBUG] debug-file - hvigorfile, resolving C:\Users\xingqiliang.DC\Desktop\OpenHarmony_HeartBeat_Monitor\hvigorfile.ts
[2025-08-18T15:33:28.028] [DEBUG] debug-file - hvigorfile, require result:  { default: { plugins: [] } }
[2025-08-18T15:33:28.028] [DEBUG] debug-file - hvigorfile, binding system plugins null
[2025-08-18T15:33:28.165] [DEBUG] debug-file - Start initialize project's product build option map with build mode debug.
[2025-08-18T15:33:28.165] [DEBUG] debug-file - Picking option from product 'default' with build mode 'debug'.
[2025-08-18T15:33:28.166] [DEBUG] debug-file - Product 'default' build option: {}
[2025-08-18T15:33:28.166] [DEBUG] debug-file - End initialize project's product build option map with build mode 'debug'.
[2025-08-18T15:33:28.169] [DEBUG] debug-file - Product 'default' using build option: {
  "debuggable": true
} in this build.
[2025-08-18T15:33:28.185] [DEBUG] debug-file - Start recording SDK configuration permission data.
[2025-08-18T15:33:28.200] [DEBUG] debug-file - Sdk init in 22 ms 
[2025-08-18T15:33:28.218] [DEBUG] debug-file - Project task initialization takes 16 ms 
[2025-08-18T15:33:28.218] [DEBUG] debug-file - hvigorfile, binding custom plugins []
[2025-08-18T15:33:28.218] [DEBUG] debug-file - hvigorfile, no custom plugins were found in C:\Users\xingqiliang.DC\Desktop\OpenHarmony_HeartBeat_Monitor\hvigorfile.ts
[2025-08-18T15:33:28.218] [DEBUG] debug-file - hvigorfile, resolve finished C:\Users\xingqiliang.DC\Desktop\OpenHarmony_HeartBeat_Monitor\hvigorfile.ts
[2025-08-18T15:33:28.223] [DEBUG] debug-file - hvigorfile, resolving C:\Users\xingqiliang.DC\Desktop\OpenHarmony_HeartBeat_Monitor\entry\hvigorfile.ts
[2025-08-18T15:33:28.228] [DEBUG] debug-file - hvigorfile, require result:  { default: { plugins: [] } }
[2025-08-18T15:33:28.228] [DEBUG] debug-file - hvigorfile, binding system plugins null
[2025-08-18T15:33:28.238] [DEBUG] debug-file - Start initialize module-target build option map, moduleName=entry, buildMode=debug
[2025-08-18T15:33:28.238] [DEBUG] debug-file - Target 'default' config: {}
[2025-08-18T15:33:28.239] [DEBUG] debug-file - Target 'ohosTest' config: {}
[2025-08-18T15:33:28.239] [DEBUG] debug-file - Module 'entry' target 'default' build option: {
  "debuggable": true,
  "copyFrom": "default",
  "name": "debug"
}
[2025-08-18T15:33:28.239] [DEBUG] debug-file - Module 'entry' target 'ohosTest' build option: {
  "debuggable": true,
  "name": "default"
}
[2025-08-18T15:33:28.239] [DEBUG] debug-file - End initialize module-target build option map, moduleName=entry
[2025-08-18T15:33:28.239] [DEBUG] debug-file - Module 'entry' target 'default' using build option: {
  "debuggable": true,
  "copyFrom": "default",
  "name": "debug"
} in this build.
[2025-08-18T15:33:28.244] [DEBUG] debug-file - Module entry task initialization takes 3 ms 
[2025-08-18T15:33:28.244] [DEBUG] debug-file - hvigorfile, binding custom plugins []
[2025-08-18T15:33:28.244] [DEBUG] debug-file - hvigorfile, no custom plugins were found in C:\Users\xingqiliang.DC\Desktop\OpenHarmony_HeartBeat_Monitor\entry\hvigorfile.ts
[2025-08-18T15:33:28.244] [DEBUG] debug-file - hvigorfile, resolve finished C:\Users\xingqiliang.DC\Desktop\OpenHarmony_HeartBeat_Monitor\entry\hvigorfile.ts
[2025-08-18T15:33:28.299] [DEBUG] debug-file - hvigorfile, resolve hvigorfile dependencies in 54 ms 
[2025-08-18T15:33:28.300] [DEBUG] debug-file - project has submodules:entry
[2025-08-18T15:33:28.301] [DEBUG] debug-file - start to load updatedOhPackageInfo to the disk
[2025-08-18T15:33:28.307] [DEBUG] debug-file - load to the disk finished
[2025-08-18T15:33:28.308] [DEBUG] debug-file - Start to initialize dependency information.
[2025-08-18T15:33:28.316] [DEBUG] debug-file - Module OpenHarmony_HeartBeat_Monitor Collected Dependency: 
[2025-08-18T15:33:28.316] [DEBUG] debug-file - Module OpenHarmony_HeartBeat_Monitor's total dependency: 0
[2025-08-18T15:33:28.317] [DEBUG] debug-file - Start to initialize dependency information.
[2025-08-18T15:33:28.319] [DEBUG] debug-file - Module entry Collected Dependency: 
[2025-08-18T15:33:28.319] [DEBUG] debug-file - Module entry's total dependency: 0
[2025-08-18T15:33:28.324] [DEBUG] debug-file - Configuration phase cost:2 s 191 ms 
[2025-08-18T15:33:28.326] [DEBUG] debug-file - Configuration task cost before running: 2 s 214 ms 
[2025-08-18T15:33:28.326] [DEBUG] debug-file - Executing task :entry:init
[2025-08-18T15:33:28.327] [DEBUG] debug-file - entry : init cost memory 0.0154876708984375
[2025-08-18T15:33:28.327] [DEBUG] debug-file - runTaskFromQueue task cost before running: 2 s 215 ms 
[2025-08-18T15:33:28.327] [INFO] debug-file - Finished :entry:init... after 1 ms 
[2025-08-18T15:33:28.327] [DEBUG] debug-file - Executing task ::init
[2025-08-18T15:33:28.328] [DEBUG] debug-file - OpenHarmony_HeartBeat_Monitor : init cost memory 0.01282501220703125
[2025-08-18T15:33:28.328] [DEBUG] debug-file - runTaskFromQueue task cost before running: 2 s 216 ms 
[2025-08-18T15:33:28.328] [INFO] debug-file - Finished ::init... after 1 ms 
[2025-08-18T15:33:28.341] [DEBUG] debug-file - Module 'entry' target 'default' using build option: {
  "debuggable": true,
  "copyFrom": "default",
  "name": "debug"
} in this build.
[2025-08-18T15:33:28.343] [DEBUG] debug-file - Module 'entry' target 'ohosTest' using build option: {
  "debuggable": true,
  "name": "default"
} in this build.
[2025-08-18T15:33:28.360] [DEBUG] debug-file - session manager: send message to worker process.
[2025-08-18T15:33:28.360] [DEBUG] debug-file - session manager: send message to worker process.
[2025-08-18T15:33:28.433] [DEBUG] debug-file - Since there is no instance or instance is terminated, create a new worker pool.
[2025-08-18T15:33:28.434] [DEBUG] debug-file - Worker pool is initialized with config:  {
  minPoolNum: 2,
  maxPoolNum: undefined,
  maxCoreSize: undefined,
  cacheCapacity: undefined,
  cacheTtl: undefined
}
[2025-08-18T15:33:28.435] [DEBUG] debug-file - Create  resident worker with id: 0.
[2025-08-18T15:33:28.437] [DEBUG] debug-file - Create  resident worker with id: 1.
[2025-08-18T15:33:28.441] [DEBUG] debug-file - Cleanup worker 0.
[2025-08-18T15:33:28.441] [DEBUG] debug-file - Worker 0 has been cleaned up.
[2025-08-18T15:33:28.442] [DEBUG] debug-file - Current idle worker size: 1.
[2025-08-18T15:33:28.442] [DEBUG] debug-file - Current resident worker size: 2.
[2025-08-18T15:33:28.442] [DEBUG] debug-file - Cleanup worker 1.
[2025-08-18T15:33:28.442] [DEBUG] debug-file - Worker 1 has been cleaned up.
[2025-08-18T15:33:28.442] [DEBUG] debug-file - Current idle worker size: 0.
[2025-08-18T15:33:28.442] [DEBUG] debug-file - Current resident worker size: 2.
[2025-08-18T15:33:28.444] [DEBUG] debug-file - hvigor build process will be closed.
[2025-08-18T15:33:28.451] [DEBUG] debug-file - watch worker: worker id should be larger than 0. Nothing will be sent to any worker thread.
[2025-08-18T15:33:28.451] [DEBUG] debug-file - watch worker: worker id should be larger than 0. Nothing will be sent to any worker thread.
[2025-08-18T15:33:28.452] [DEBUG] debug-file - worker[0] exits with exit code 0.
[2025-08-18T15:33:28.453] [DEBUG] debug-file - worker[1] exits with exit code 0.
[2025-08-18T15:33:48.664] [DEBUG] debug-file - session manager: set active socket. socketId=zAyfIjDVvG4YyMigAAAD
[2025-08-18T15:33:48.671] [DEBUG] debug-file - watch worker: worker id should be larger than 0. Nothing will be sent to any worker thread.
[2025-08-18T15:33:48.683] [DEBUG] debug-file - Hvigor init with startParameters:{
  hvigorfileTypeCheck: false,
  parallelExecution: true,
  incrementalExecution: true,
  printStackTrace: false,
  daemon: true,
  analyze: 0,
  logLevel: Level { level: 20000, levelStr: 'INFO', colour: 'green' }
}
[2025-08-18T15:33:48.688] [DEBUG] debug-file - Cache service initialization finished in 6 ms 
[2025-08-18T15:33:48.696] [DEBUG] debug-file - hvigorfile, resolving C:\Users\xingqiliang.DC\Desktop\OpenHarmony_HeartBeat_Monitor\hvigorfile.ts
[2025-08-18T15:33:48.701] [DEBUG] debug-file - hvigorfile, require result:  { default: { plugins: [] } }
[2025-08-18T15:33:48.702] [DEBUG] debug-file - hvigorfile, binding system plugins null
[2025-08-18T15:33:48.707] [DEBUG] debug-file - Start initialize project's product build option map with build mode debug.
[2025-08-18T15:33:48.707] [DEBUG] debug-file - Picking option from product 'default' with build mode 'debug'.
[2025-08-18T15:33:48.707] [DEBUG] debug-file - Product 'default' build option: {}
[2025-08-18T15:33:48.708] [DEBUG] debug-file - End initialize project's product build option map with build mode 'debug'.
[2025-08-18T15:33:48.709] [DEBUG] debug-file - Product 'default' using build option: {
  "debuggable": true
} in this build.
[2025-08-18T15:33:48.717] [DEBUG] debug-file - Start recording SDK configuration permission data.
[2025-08-18T15:33:48.730] [DEBUG] debug-file - Sdk init in 18 ms 
[2025-08-18T15:33:48.742] [DEBUG] debug-file - Project task initialization takes 12 ms 
[2025-08-18T15:33:48.743] [DEBUG] debug-file - hvigorfile, binding custom plugins []
[2025-08-18T15:33:48.743] [DEBUG] debug-file - hvigorfile, no custom plugins were found in C:\Users\xingqiliang.DC\Desktop\OpenHarmony_HeartBeat_Monitor\hvigorfile.ts
[2025-08-18T15:33:48.743] [DEBUG] debug-file - hvigorfile, resolve finished C:\Users\xingqiliang.DC\Desktop\OpenHarmony_HeartBeat_Monitor\hvigorfile.ts
[2025-08-18T15:33:48.747] [DEBUG] debug-file - hvigorfile, resolving C:\Users\xingqiliang.DC\Desktop\OpenHarmony_HeartBeat_Monitor\entry\hvigorfile.ts
[2025-08-18T15:33:48.750] [DEBUG] debug-file - hvigorfile, require result:  { default: { plugins: [] } }
[2025-08-18T15:33:48.750] [DEBUG] debug-file - hvigorfile, binding system plugins null
[2025-08-18T15:33:48.755] [DEBUG] debug-file - Start initialize module-target build option map, moduleName=entry, buildMode=debug
[2025-08-18T15:33:48.755] [DEBUG] debug-file - Target 'default' config: {}
[2025-08-18T15:33:48.755] [DEBUG] debug-file - Target 'ohosTest' config: {}
[2025-08-18T15:33:48.755] [DEBUG] debug-file - Module 'entry' target 'default' build option: {
  "debuggable": true,
  "copyFrom": "default",
  "name": "debug"
}
[2025-08-18T15:33:48.756] [DEBUG] debug-file - Module 'entry' target 'ohosTest' build option: {
  "debuggable": true,
  "name": "default"
}
[2025-08-18T15:33:48.756] [DEBUG] debug-file - End initialize module-target build option map, moduleName=entry
[2025-08-18T15:33:48.756] [DEBUG] debug-file - Module 'entry' target 'default' using build option: {
  "debuggable": true,
  "copyFrom": "default",
  "name": "debug"
} in this build.
[2025-08-18T15:33:48.757] [DEBUG] debug-file - Module entry task initialization takes 1 ms 
[2025-08-18T15:33:48.758] [DEBUG] debug-file - hvigorfile, binding custom plugins []
[2025-08-18T15:33:48.758] [DEBUG] debug-file - hvigorfile, no custom plugins were found in C:\Users\xingqiliang.DC\Desktop\OpenHarmony_HeartBeat_Monitor\entry\hvigorfile.ts
[2025-08-18T15:33:48.758] [DEBUG] debug-file - hvigorfile, resolve finished C:\Users\xingqiliang.DC\Desktop\OpenHarmony_HeartBeat_Monitor\entry\hvigorfile.ts
[2025-08-18T15:33:48.807] [DEBUG] debug-file - hvigorfile, resolve hvigorfile dependencies in 48 ms 
[2025-08-18T15:33:48.807] [DEBUG] debug-file - project has submodules:entry
[2025-08-18T15:33:48.808] [DEBUG] debug-file - start to load updatedOhPackageInfo to the disk
[2025-08-18T15:33:48.813] [DEBUG] debug-file - load to the disk finished
[2025-08-18T15:33:48.813] [DEBUG] debug-file - Start to initialize dependency information.
[2025-08-18T15:33:48.817] [DEBUG] debug-file - Module OpenHarmony_HeartBeat_Monitor Collected Dependency: 
[2025-08-18T15:33:48.817] [DEBUG] debug-file - Module OpenHarmony_HeartBeat_Monitor's total dependency: 0
[2025-08-18T15:33:48.817] [DEBUG] debug-file - Start to initialize dependency information.
[2025-08-18T15:33:48.818] [DEBUG] debug-file - Module entry Collected Dependency: 
[2025-08-18T15:33:48.818] [DEBUG] debug-file - Module entry's total dependency: 0
[2025-08-18T15:33:48.820] [DEBUG] debug-file - Configuration phase cost:128 ms 
[2025-08-18T15:33:48.822] [DEBUG] debug-file - Configuration task cost before running: 148 ms 
[2025-08-18T15:33:48.823] [DEBUG] debug-file - jsonObjWithoutParam {} at undefined
[2025-08-18T15:33:48.823] [DEBUG] debug-file - jsonObjWithoutParam {"name":"entry","version":"1.0.0","description":"Please describe the basic information.","main":"","author":"","license":"","dependencies":{}} at undefined
[2025-08-18T15:33:48.827] [DEBUG] debug-file - Executing task :entry:default@PreBuild
[2025-08-18T15:33:48.833] [DEBUG] debug-file - entry:default@PreBuild is not up-to-date, since the input file 'C:\Users\xingqiliang.DC\Desktop\OpenHarmony_HeartBeat_Monitor\build-profile.json5' has been changed.
[2025-08-18T15:33:48.833] [DEBUG] debug-file - Incremental task entry:default@PreBuild pre-execution cost: 3 ms .
[2025-08-18T15:33:48.833] [DEBUG] debug-file - jsonObjWithoutParam {} at undefined
[2025-08-18T15:33:48.833] [DEBUG] debug-file - jsonObjWithoutParam {"name":"entry","version":"1.0.0","description":"Please describe the basic information.","main":"","author":"","license":"","dependencies":{}} at undefined
[2025-08-18T15:33:48.949] [DEBUG] debug-file - current product is not Atomic service.
[2025-08-18T15:33:48.950] [DEBUG] debug-file - Use tool [win32: JAVA_HOME, CLASSPATH]
 [
  {
    JAVA_HOME: 'C:\\Users\\xingqiliang.DC\\AppData\\Local\\Huawei\\DevEco Studio\\jbr'
  },
  { CLASSPATH: undefined }
]
[2025-08-18T15:33:48.950] [DEBUG] debug-file - Use tool [win32: NODE_HOME]
 [
  {
    NODE_HOME: 'C:\\Users\\xingqiliang.DC\\AppData\\Local\\Huawei\\DevEco Studio\\tools\\node'
  }
]
[2025-08-18T15:33:48.950] [DEBUG] debug-file - entry : default@PreBuild cost memory 7.28399658203125
[2025-08-18T15:33:48.950] [DEBUG] debug-file - runTaskFromQueue task cost before running: 277 ms 
[2025-08-18T15:33:48.952] [INFO] debug-file - Finished :entry:default@PreBuild... after 124 ms 
[2025-08-18T15:33:48.954] [DEBUG] debug-file - jsonObjWithoutParam {} at undefined
[2025-08-18T15:33:48.954] [DEBUG] debug-file - jsonObjWithoutParam {"name":"entry","version":"1.0.0","description":"Please describe the basic information.","main":"","author":"","license":"","dependencies":{}} at undefined
[2025-08-18T15:33:48.955] [DEBUG] debug-file - Executing task :entry:default@CreateModuleInfo
[2025-08-18T15:33:48.955] [DEBUG] debug-file - Task 'entry:default@CreateModuleInfo' cost while wrapping incremental declarations: 1 ms 
[2025-08-18T15:33:48.956] [DEBUG] debug-file - entry : default@CreateModuleInfo cost memory 0.07276153564453125
[2025-08-18T15:33:48.956] [DEBUG] debug-file - runTaskFromQueue task cost before running: 283 ms 
[2025-08-18T15:33:48.956] [INFO] debug-file - Finished :entry:default@CreateModuleInfo... after 2 ms 
[2025-08-18T15:33:48.958] [DEBUG] debug-file - jsonObjWithoutParam {} at undefined
[2025-08-18T15:33:48.958] [DEBUG] debug-file - jsonObjWithoutParam {"name":"entry","version":"1.0.0","description":"Please describe the basic information.","main":"","author":"","license":"","dependencies":{}} at undefined
[2025-08-18T15:33:48.961] [DEBUG] debug-file - Executing task :entry:default@GenerateMetadata
[2025-08-18T15:33:48.962] [DEBUG] debug-file - Task 'entry:default@GenerateMetadata' cost while wrapping incremental declarations: 1 ms 
[2025-08-18T15:33:48.963] [DEBUG] debug-file - Incremental task entry:default@GenerateMetadata pre-execution cost: 2 ms .
[2025-08-18T15:33:48.963] [DEBUG] debug-file - entry : default@GenerateMetadata cost memory 0.12995147705078125
[2025-08-18T15:33:48.963] [INFO] debug-file - UP-TO-DATE :entry:default@GenerateMetadata...  
[2025-08-18T15:33:48.965] [DEBUG] debug-file - jsonObjWithoutParam {} at undefined
[2025-08-18T15:33:48.965] [DEBUG] debug-file - jsonObjWithoutParam {"name":"entry","version":"1.0.0","description":"Please describe the basic information.","main":"","author":"","license":"","dependencies":{}} at undefined
[2025-08-18T15:33:48.965] [DEBUG] debug-file - Executing task :entry:default@ConfigureCmake
[2025-08-18T15:33:48.965] [DEBUG] debug-file - jsonObjWithoutParam {} at undefined
[2025-08-18T15:33:48.965] [DEBUG] debug-file - jsonObjWithoutParam {"name":"entry","version":"1.0.0","description":"Please describe the basic information.","main":"","author":"","license":"","dependencies":{}} at undefined
[2025-08-18T15:33:48.966] [DEBUG] debug-file - entry : default@ConfigureCmake cost memory 0.03728485107421875
[2025-08-18T15:33:48.966] [DEBUG] debug-file - runTaskFromQueue task cost before running: 292 ms 
[2025-08-18T15:33:48.966] [INFO] debug-file - Finished :entry:default@ConfigureCmake... after 1 ms 
[2025-08-18T15:33:48.967] [DEBUG] debug-file - jsonObjWithoutParam {} at undefined
[2025-08-18T15:33:48.967] [DEBUG] debug-file - jsonObjWithoutParam {"name":"entry","version":"1.0.0","description":"Please describe the basic information.","main":"","author":"","license":"","dependencies":{}} at undefined
[2025-08-18T15:33:48.968] [DEBUG] debug-file - Executing task :entry:default@MergeProfile
[2025-08-18T15:33:48.969] [DEBUG] debug-file - entry:default@MergeProfile is not up-to-date, since the input file 'C:\Users\xingqiliang.DC\Desktop\OpenHarmony_HeartBeat_Monitor\build-profile.json5' has been changed.
[2025-08-18T15:33:48.969] [DEBUG] debug-file - Incremental task entry:default@MergeProfile pre-execution cost: 1 ms .
[2025-08-18T15:33:48.969] [DEBUG] debug-file - jsonObjWithoutParam {} at undefined
[2025-08-18T15:33:48.969] [DEBUG] debug-file - jsonObjWithoutParam {"name":"entry","version":"1.0.0","description":"Please describe the basic information.","main":"","author":"","license":"","dependencies":{}} at undefined
[2025-08-18T15:33:48.969] [DEBUG] debug-file - Change app api release type with 'Release'
[2025-08-18T15:33:48.970] [DEBUG] debug-file - Change app compile API version with '5.0.0.71'
[2025-08-18T15:33:48.970] [DEBUG] debug-file - Change app target API version with '12'
[2025-08-18T15:33:48.970] [DEBUG] debug-file - Change app minimum API version with '12'
[2025-08-18T15:33:48.970] [DEBUG] debug-file - Use cli appEnvironment
[2025-08-18T15:33:48.976] [DEBUG] debug-file - entry : default@MergeProfile cost memory 0.5166702270507812
[2025-08-18T15:33:48.976] [DEBUG] debug-file - runTaskFromQueue task cost before running: 303 ms 
[2025-08-18T15:33:48.977] [INFO] debug-file - Finished :entry:default@MergeProfile... after 9 ms 
[2025-08-18T15:33:48.978] [DEBUG] debug-file - jsonObjWithoutParam {} at undefined
[2025-08-18T15:33:48.978] [DEBUG] debug-file - jsonObjWithoutParam {"name":"entry","version":"1.0.0","description":"Please describe the basic information.","main":"","author":"","license":"","dependencies":{}} at undefined
[2025-08-18T15:33:48.979] [DEBUG] debug-file - Executing task :entry:default@CreateBuildProfile
[2025-08-18T15:33:48.980] [DEBUG] debug-file - Task 'entry:default@CreateBuildProfile' cost while wrapping incremental declarations: 1 ms 
[2025-08-18T15:33:48.980] [DEBUG] debug-file - entry:default@CreateBuildProfile is not up-to-date, since the input file 'C:\Users\xingqiliang.DC\Desktop\OpenHarmony_HeartBeat_Monitor\build-profile.json5' has been changed.
[2025-08-18T15:33:48.980] [DEBUG] debug-file - Incremental task entry:default@CreateBuildProfile pre-execution cost: 1 ms .
[2025-08-18T15:33:48.980] [DEBUG] debug-file - jsonObjWithoutParam {} at undefined
[2025-08-18T15:33:48.980] [DEBUG] debug-file - jsonObjWithoutParam {"name":"entry","version":"1.0.0","description":"Please describe the basic information.","main":"","author":"","license":"","dependencies":{}} at undefined
[2025-08-18T15:33:48.982] [DEBUG] debug-file - entry : default@CreateBuildProfile cost memory 0.17464447021484375
[2025-08-18T15:33:48.982] [DEBUG] debug-file - runTaskFromQueue task cost before running: 309 ms 
[2025-08-18T15:33:48.982] [INFO] debug-file - Finished :entry:default@CreateBuildProfile... after 3 ms 
[2025-08-18T15:33:48.983] [DEBUG] debug-file - jsonObjWithoutParam {} at undefined
[2025-08-18T15:33:48.983] [DEBUG] debug-file - jsonObjWithoutParam {"name":"entry","version":"1.0.0","description":"Please describe the basic information.","main":"","author":"","license":"","dependencies":{}} at undefined
[2025-08-18T15:33:48.985] [DEBUG] debug-file - Executing task :entry:default@PreCheckSyscap
[2025-08-18T15:33:48.986] [DEBUG] debug-file - jsonObjWithoutParam {} at undefined
[2025-08-18T15:33:48.986] [DEBUG] debug-file - jsonObjWithoutParam {"name":"entry","version":"1.0.0","description":"Please describe the basic information.","main":"","author":"","license":"","dependencies":{}} at undefined
[2025-08-18T15:33:48.986] [DEBUG] debug-file - entry : default@PreCheckSyscap cost memory 0.04656219482421875
[2025-08-18T15:33:48.986] [DEBUG] debug-file - runTaskFromQueue task cost before running: 313 ms 
[2025-08-18T15:33:48.986] [INFO] debug-file - Finished :entry:default@PreCheckSyscap... after 1 ms 
[2025-08-18T15:33:48.988] [DEBUG] debug-file - jsonObjWithoutParam {} at undefined
[2025-08-18T15:33:48.988] [DEBUG] debug-file - jsonObjWithoutParam {"name":"entry","version":"1.0.0","description":"Please describe the basic information.","main":"","author":"","license":"","dependencies":{}} at undefined
[2025-08-18T15:33:48.993] [DEBUG] debug-file - Executing task :entry:default@GeneratePkgContextInfo
[2025-08-18T15:33:48.994] [DEBUG] debug-file - Task 'entry:default@GeneratePkgContextInfo' cost while wrapping incremental declarations: 1 ms 
[2025-08-18T15:33:48.994] [DEBUG] debug-file - entry : default@GeneratePkgContextInfo cost memory 0.05036163330078125
[2025-08-18T15:33:48.994] [DEBUG] debug-file - runTaskFromQueue task cost before running: 321 ms 
[2025-08-18T15:33:48.994] [INFO] debug-file - Finished :entry:default@GeneratePkgContextInfo... after 1 ms 
[2025-08-18T15:33:48.996] [DEBUG] debug-file - jsonObjWithoutParam {} at undefined
[2025-08-18T15:33:48.996] [DEBUG] debug-file - jsonObjWithoutParam {"name":"entry","version":"1.0.0","description":"Please describe the basic information.","main":"","author":"","license":"","dependencies":{}} at undefined
[2025-08-18T15:33:48.997] [DEBUG] debug-file - Executing task :entry:default@ProcessIntegratedHsp
[2025-08-18T15:33:48.998] [DEBUG] debug-file - entry:default@ProcessIntegratedHsp is not up-to-date, since the output file 'C:\Users\xingqiliang.DC\Desktop\OpenHarmony_HeartBeat_Monitor\build\cache\default\integrated_hsp\integratedHspCache.json' does not exist.
[2025-08-18T15:33:48.998] [DEBUG] debug-file - Incremental task entry:default@ProcessIntegratedHsp pre-execution cost: 1 ms .
[2025-08-18T15:33:48.998] [DEBUG] debug-file - jsonObjWithoutParam {} at undefined
[2025-08-18T15:33:48.998] [DEBUG] debug-file - jsonObjWithoutParam {"name":"entry","version":"1.0.0","description":"Please describe the basic information.","main":"","author":"","license":"","dependencies":{}} at undefined
[2025-08-18T15:33:48.999] [DEBUG] debug-file - entry : default@ProcessIntegratedHsp cost memory 0.13881683349609375
[2025-08-18T15:33:48.999] [DEBUG] debug-file - runTaskFromQueue task cost before running: 325 ms 
[2025-08-18T15:33:48.999] [INFO] debug-file - Finished :entry:default@ProcessIntegratedHsp... after 2 ms 
[2025-08-18T15:33:49.000] [DEBUG] debug-file - jsonObjWithoutParam {} at undefined
[2025-08-18T15:33:49.001] [DEBUG] debug-file - jsonObjWithoutParam {"name":"entry","version":"1.0.0","description":"Please describe the basic information.","main":"","author":"","license":"","dependencies":{}} at undefined
[2025-08-18T15:33:49.001] [DEBUG] debug-file - Executing task :entry:default@BuildNativeWithCmake
[2025-08-18T15:33:49.001] [DEBUG] debug-file - jsonObjWithoutParam {} at undefined
[2025-08-18T15:33:49.001] [DEBUG] debug-file - jsonObjWithoutParam {"name":"entry","version":"1.0.0","description":"Please describe the basic information.","main":"","author":"","license":"","dependencies":{}} at undefined
[2025-08-18T15:33:49.001] [DEBUG] debug-file - entry : default@BuildNativeWithCmake cost memory 0.03863525390625
[2025-08-18T15:33:49.001] [DEBUG] debug-file - runTaskFromQueue task cost before running: 328 ms 
[2025-08-18T15:33:49.001] [INFO] debug-file - Finished :entry:default@BuildNativeWithCmake... after 1 ms 
[2025-08-18T15:33:49.003] [DEBUG] debug-file - jsonObjWithoutParam {} at undefined
[2025-08-18T15:33:49.003] [DEBUG] debug-file - jsonObjWithoutParam {"name":"entry","version":"1.0.0","description":"Please describe the basic information.","main":"","author":"","license":"","dependencies":{}} at undefined
[2025-08-18T15:33:49.004] [DEBUG] debug-file - Executing task :entry:default@MakePackInfo
[2025-08-18T15:33:49.005] [DEBUG] debug-file - entry:default@MakePackInfo is not up-to-date, since the input file 'C:\Users\xingqiliang.DC\Desktop\OpenHarmony_HeartBeat_Monitor\build-profile.json5' has been changed.
[2025-08-18T15:33:49.005] [DEBUG] debug-file - Incremental task entry:default@MakePackInfo pre-execution cost: 1 ms .
[2025-08-18T15:33:49.006] [DEBUG] debug-file - jsonObjWithoutParam {} at undefined
[2025-08-18T15:33:49.006] [DEBUG] debug-file - jsonObjWithoutParam {"name":"entry","version":"1.0.0","description":"Please describe the basic information.","main":"","author":"","license":"","dependencies":{}} at undefined
[2025-08-18T15:33:49.007] [DEBUG] debug-file - Module Pack Info:  {
  summary: {
    app: { bundleName: 'c***p', bundleType: 'app', version: [Object] },
    modules: [ [Object] ]
  },
  packages: [
    {
      deviceType: [Array],
      moduleType: 'entry',
      deliveryWithInstall: true,
      name: 'entry-default'
    }
  ]
}
[2025-08-18T15:33:49.008] [DEBUG] debug-file - entry : default@MakePackInfo cost memory 0.24788665771484375
[2025-08-18T15:33:49.008] [DEBUG] debug-file - runTaskFromQueue task cost before running: 335 ms 
[2025-08-18T15:33:49.008] [INFO] debug-file - Finished :entry:default@MakePackInfo... after 4 ms 
[2025-08-18T15:33:49.010] [DEBUG] debug-file - jsonObjWithoutParam {} at undefined
[2025-08-18T15:33:49.010] [DEBUG] debug-file - jsonObjWithoutParam {"name":"entry","version":"1.0.0","description":"Please describe the basic information.","main":"","author":"","license":"","dependencies":{}} at undefined
[2025-08-18T15:33:49.011] [DEBUG] debug-file - Executing task :entry:default@SyscapTransform
[2025-08-18T15:33:49.011] [DEBUG] debug-file - File: 'C:\Users\xingqiliang.DC\Desktop\OpenHarmony_HeartBeat_Monitor\entry\src\main\syscap.json' from 'sysCapJsonPath' is not exists, just ignore.
[2025-08-18T15:33:49.011] [DEBUG] debug-file - Task 'entry:default@SyscapTransform' cost while wrapping incremental declarations: 1 ms 
[2025-08-18T15:33:49.021] [DEBUG] debug-file - Incremental task entry:default@SyscapTransform pre-execution cost: 11 ms .
[2025-08-18T15:33:49.021] [DEBUG] debug-file - entry : default@SyscapTransform cost memory 0.14801788330078125
[2025-08-18T15:33:49.022] [INFO] debug-file - UP-TO-DATE :entry:default@SyscapTransform...  
[2025-08-18T15:33:49.023] [DEBUG] debug-file - jsonObjWithoutParam {} at undefined
[2025-08-18T15:33:49.023] [DEBUG] debug-file - jsonObjWithoutParam {"name":"entry","version":"1.0.0","description":"Please describe the basic information.","main":"","author":"","license":"","dependencies":{}} at undefined
[2025-08-18T15:33:49.024] [DEBUG] debug-file - Executing task :entry:default@ProcessProfile
[2025-08-18T15:33:49.026] [DEBUG] debug-file - entry:default@ProcessProfile is not up-to-date, since the input file 'C:\Users\xingqiliang.DC\Desktop\OpenHarmony_HeartBeat_Monitor\entry\build\default\intermediates\merge_profile\default\module.json' has been changed.
[2025-08-18T15:33:49.026] [DEBUG] debug-file - Incremental task entry:default@ProcessProfile pre-execution cost: 1 ms .
[2025-08-18T15:33:49.026] [DEBUG] debug-file - jsonObjWithoutParam {} at undefined
[2025-08-18T15:33:49.026] [DEBUG] debug-file - jsonObjWithoutParam {"name":"entry","version":"1.0.0","description":"Please describe the basic information.","main":"","author":"","license":"","dependencies":{}} at undefined
[2025-08-18T15:33:49.028] [DEBUG] debug-file - [
  'C:\\Users\\xingqiliang.DC\\AppData\\Local\\Huawei\\DevEco Studio\\tools\\node\\node.exe',
  'C:\\Users\\xingqiliang.DC\\AppData\\Local\\OpenHarmony\\Sdk\\12\\ets\\build-tools\\ets-loader\\bin\\ark\\ts2abc.js',
  '--target-api-version',
  '12',
  '--target-api-sub-version',
  'beta1'
]
[2025-08-18T15:33:49.271] [DEBUG] debug-file - 12.0.2.0
[2025-08-18T15:33:49.273] [DEBUG] debug-file - entry : default@ProcessProfile cost memory 2.752410888671875
[2025-08-18T15:33:49.274] [DEBUG] debug-file - runTaskFromQueue task cost before running: 600 ms 
[2025-08-18T15:33:49.274] [INFO] debug-file - Finished :entry:default@ProcessProfile... after 250 ms 
[2025-08-18T15:33:49.275] [DEBUG] debug-file - jsonObjWithoutParam {} at undefined
[2025-08-18T15:33:49.275] [DEBUG] debug-file - jsonObjWithoutParam {"name":"entry","version":"1.0.0","description":"Please describe the basic information.","main":"","author":"","license":"","dependencies":{}} at undefined
[2025-08-18T15:33:49.277] [DEBUG] debug-file - Executing task :entry:default@ProcessRouterMap
[2025-08-18T15:33:49.279] [DEBUG] debug-file - Incremental task entry:default@ProcessRouterMap pre-execution cost: 2 ms .
[2025-08-18T15:33:49.279] [DEBUG] debug-file - entry : default@ProcessRouterMap cost memory 0.17856597900390625
[2025-08-18T15:33:49.280] [INFO] debug-file - UP-TO-DATE :entry:default@ProcessRouterMap...  
[2025-08-18T15:33:49.281] [DEBUG] debug-file - jsonObjWithoutParam {} at undefined
[2025-08-18T15:33:49.281] [DEBUG] debug-file - jsonObjWithoutParam {"name":"entry","version":"1.0.0","description":"Please describe the basic information.","main":"","author":"","license":"","dependencies":{}} at undefined
[2025-08-18T15:33:49.282] [DEBUG] debug-file - Executing task :entry:default@BuildNativeWithNinja
[2025-08-18T15:33:49.282] [DEBUG] debug-file - jsonObjWithoutParam {} at undefined
[2025-08-18T15:33:49.282] [DEBUG] debug-file - jsonObjWithoutParam {"name":"entry","version":"1.0.0","description":"Please describe the basic information.","main":"","author":"","license":"","dependencies":{}} at undefined
[2025-08-18T15:33:49.282] [DEBUG] debug-file - entry : default@BuildNativeWithNinja cost memory 0.05861663818359375
[2025-08-18T15:33:49.282] [DEBUG] debug-file - runTaskFromQueue task cost before running: 609 ms 
[2025-08-18T15:33:49.283] [INFO] debug-file - Finished :entry:default@BuildNativeWithNinja... after 1 ms 
[2025-08-18T15:33:49.284] [DEBUG] debug-file - jsonObjWithoutParam {} at undefined
[2025-08-18T15:33:49.284] [DEBUG] debug-file - jsonObjWithoutParam {"name":"entry","version":"1.0.0","description":"Please describe the basic information.","main":"","author":"","license":"","dependencies":{}} at undefined
[2025-08-18T15:33:49.285] [DEBUG] debug-file - restool module names: entry; moduleName=entry, taskName=default@ProcessResource
[2025-08-18T15:33:49.288] [DEBUG] debug-file - Executing task :entry:default@ProcessResource
[2025-08-18T15:33:49.289] [DEBUG] debug-file - Incremental task entry:default@ProcessResource pre-execution cost: 1 ms .
[2025-08-18T15:33:49.289] [DEBUG] debug-file - entry : default@ProcessResource cost memory 0.18962860107421875
[2025-08-18T15:33:49.291] [INFO] debug-file - UP-TO-DATE :entry:default@ProcessResource...  
[2025-08-18T15:33:49.293] [DEBUG] debug-file - jsonObjWithoutParam {} at undefined
[2025-08-18T15:33:49.293] [DEBUG] debug-file - jsonObjWithoutParam {"name":"entry","version":"1.0.0","description":"Please describe the basic information.","main":"","author":"","license":"","dependencies":{}} at undefined
[2025-08-18T15:33:49.296] [DEBUG] debug-file - Executing task :entry:default@GenerateLoaderJson
[2025-08-18T15:33:49.306] [DEBUG] debug-file - Incremental task entry:default@GenerateLoaderJson pre-execution cost: 6 ms .
[2025-08-18T15:33:49.307] [DEBUG] debug-file - entry : default@GenerateLoaderJson cost memory 0.8322067260742188
[2025-08-18T15:33:49.310] [INFO] debug-file - UP-TO-DATE :entry:default@GenerateLoaderJson...  
[2025-08-18T15:33:49.312] [DEBUG] debug-file - jsonObjWithoutParam {} at undefined
[2025-08-18T15:33:49.312] [DEBUG] debug-file - jsonObjWithoutParam {"name":"entry","version":"1.0.0","description":"Please describe the basic information.","main":"","author":"","license":"","dependencies":{}} at undefined
[2025-08-18T15:33:49.312] [DEBUG] debug-file - Executing task :entry:default@ProcessLibs
[2025-08-18T15:33:49.315] [DEBUG] debug-file - entry:default@ProcessLibs is not up-to-date, since the input file 'C:\Users\xingqiliang.DC\Desktop\OpenHarmony_HeartBeat_Monitor\build-profile.json5' has been changed.
[2025-08-18T15:33:49.315] [DEBUG] debug-file - Incremental task entry:default@ProcessLibs pre-execution cost: 1 ms .
[2025-08-18T15:33:49.315] [DEBUG] debug-file - jsonObjWithoutParam {} at undefined
[2025-08-18T15:33:49.315] [DEBUG] debug-file - jsonObjWithoutParam {"name":"entry","version":"1.0.0","description":"Please describe the basic information.","main":"","author":"","license":"","dependencies":{}} at undefined
[2025-08-18T15:33:49.318] [DEBUG] debug-file - default@ProcessLibs work[0] is submitted.
[2025-08-18T15:33:49.319] [DEBUG] debug-file - default@ProcessLibs work[0] is pushed to ready queue.
[2025-08-18T15:33:49.319] [DEBUG] debug-file - A work dispatched to worker[15] failed because unable to get work from ready queue.
[2025-08-18T15:33:49.319] [DEBUG] debug-file - Create  resident worker with id: 14.
[2025-08-18T15:33:49.321] [DEBUG] debug-file - default@ProcessLibs work[0] has been dispatched to worker[14].
[2025-08-18T15:33:49.321] [DEBUG] debug-file - default@ProcessLibs work[0] is dispatched.
[2025-08-18T15:33:49.321] [DEBUG] debug-file - entry : default@ProcessLibs cost memory 0.6455841064453125
[2025-08-18T15:33:49.323] [DEBUG] debug-file - jsonObjWithoutParam {} at undefined
[2025-08-18T15:33:49.323] [DEBUG] debug-file - jsonObjWithoutParam {"name":"entry","version":"1.0.0","description":"Please describe the basic information.","main":"","author":"","license":"","dependencies":{}} at undefined
[2025-08-18T15:33:49.323] [DEBUG] debug-file - restool module names: entry; moduleName=entry, taskName=default@CompileResource
[2025-08-18T15:33:49.325] [DEBUG] debug-file - Executing task :entry:default@CompileResource
[2025-08-18T15:33:49.329] [DEBUG] debug-file - entry:default@CompileResource is not up-to-date, since the input file 'C:\Users\xingqiliang.DC\Desktop\OpenHarmony_HeartBeat_Monitor\entry\build\default\intermediates\process_profile\default\module.json' has been changed.
[2025-08-18T15:33:49.330] [DEBUG] debug-file - Incremental task entry:default@CompileResource pre-execution cost: 4 ms .
[2025-08-18T15:33:49.346] [DEBUG] debug-file - Use tool [C:\Users\xingqiliang.DC\AppData\Local\OpenHarmony\Sdk\12\toolchains\restool.exe]
 [
  'C:\\Users\\xingqiliang.DC\\AppData\\Local\\OpenHarmony\\Sdk\\12\\toolchains\\restool.exe',
  '-l',
  'C:\\Users\\xingqiliang.DC\\Desktop\\OpenHarmony_HeartBeat_Monitor\\entry\\build\\default\\intermediates\\res\\default\\resConfig.json'
]
[2025-08-18T15:33:49.348] [DEBUG] debug-file - current process  memoryUsage: {
  rss: 236150784,
  heapTotal: 162099200,
  heapUsed: 127965072,
  external: 3391509,
  arrayBuffers: 138995
} os memoryUsage :13.277599334716797
[2025-08-18T15:33:49.451] [DEBUG] debug-file - Warning: C:\Users\xingqiliang.DC\Desktop\OpenHarmony_HeartBeat_Monitor\AppScope\resources\base\media\layered_image.json is not png format

[2025-08-18T15:33:49.454] [DEBUG] debug-file - Info: restool resources compile success.

[2025-08-18T15:33:49.462] [WARN] debug-file - Warning: 'C:\Users\xingqiliang.DC\Desktop\OpenHarmony_HeartBeat_Monitor\entry\src\main\resources\base\media\background.png' is defined repeatedly.
Warning: 'C:\Users\xingqiliang.DC\Desktop\OpenHarmony_HeartBeat_Monitor\entry\src\main\resources\base\media\foreground.png' is defined repeatedly.
Warning: 'C:\Users\xingqiliang.DC\Desktop\OpenHarmony_HeartBeat_Monitor\entry\src\main\resources\base\media\layered_image.json' is defined repeatedly.

[2025-08-18T15:33:49.463] [DEBUG] debug-file - entry : default@CompileResource cost memory -3.5518722534179688
[2025-08-18T15:33:49.464] [DEBUG] debug-file - runTaskFromQueue task cost before running: 790 ms 
[2025-08-18T15:33:49.464] [INFO] debug-file - Finished :entry:default@CompileResource... after 139 ms 
[2025-08-18T15:33:49.466] [DEBUG] debug-file - jsonObjWithoutParam {} at undefined
[2025-08-18T15:33:49.466] [DEBUG] debug-file - jsonObjWithoutParam {"name":"entry","version":"1.0.0","description":"Please describe the basic information.","main":"","author":"","license":"","dependencies":{}} at undefined
[2025-08-18T15:33:49.469] [DEBUG] debug-file - Executing task :entry:default@CompileArkTS
[2025-08-18T15:33:49.477] [DEBUG] debug-file - entry:default@CompileArkTS is not up-to-date, since the input file 'C:\Users\xingqiliang.DC\Desktop\OpenHarmony_HeartBeat_Monitor\entry\build\default\intermediates\res\default\ResourceTable.txt' has been changed.
[2025-08-18T15:33:49.477] [DEBUG] debug-file - Incremental task entry:default@CompileArkTS pre-execution cost: 4 ms .
[2025-08-18T15:33:49.490] [DEBUG] debug-file - build config:
[2025-08-18T15:33:49.491] [DEBUG] debug-file - {
  moduleType: 'entry',
  perf: 0,
  targetName: '.default',
  packageManagerType: 'ohpm',
  localPropertiesPath: 'C:\\Users\\xingqiliang.DC\\Desktop\\OpenHarmony_HeartBeat_Monitor\\local.properties',
  isPreview: false,
  isOhosTest: false,
  isLocalTest: false,
  buildMode: 'Debug',
  watchMode: 'false',
  aceProfilePath: 'C:\\Users\\xingqiliang.DC\\Desktop\\OpenHarmony_HeartBeat_Monitor\\entry\\build\\default\\intermediates\\res\\default\\resources\\base\\profile',
  etsLoaderPath: 'C:\\Users\\xingqiliang.DC\\AppData\\Local\\OpenHarmony\\Sdk\\12\\ets\\build-tools\\ets-loader',
  modulePath: 'C:\\Users\\xingqiliang.DC\\Desktop\\OpenHarmony_HeartBeat_Monitor\\entry',
  testFrameworkPar: {
    testMode: undefined,
    coveragePathFilter: undefined,
    coverageMode: undefined
  },
  needCoverageInsert: false,
  debugLine: false,
  projectTopDir: 'C:\\Users\\xingqiliang.DC\\Desktop\\OpenHarmony_HeartBeat_Monitor',
  compileSdkVersion: 12,
  compatibleSdkVersion: 12,
  compatibleSdkVersionStage: 'beta1',
  bundleName: 'c***p',
  etsLoaderVersion: '5.0.0.71',
  etsLoaderReleaseType: 'Release',
  aotCompileMode: 'type',
  apPath: 'C:\\Users\\xingqiliang.DC\\Desktop\\OpenHarmony_HeartBeat_Monitor\\entry\\modules.ap',
  entryModuleName: 'entry',
  entryModuleVersion: '1.0.0',
  entryPackageName: 'entry',
  allModuleNameHash: 'bebdbb1694b34118006b8422f20369fb',
  externalApiPaths: [],
  compilerTypes: undefined,
  isCrossplatform: false,
  hvigorPluginFile: undefined,
  compilePluginPath: undefined,
  buildGeneratedProfilePath: 'C:\\Users\\xingqiliang.DC\\Desktop\\OpenHarmony_HeartBeat_Monitor\\entry\\build\\default\\generated\\profile\\default',
  bundleType: 'app',
  arkTSVersion: undefined,
  apiVersion: 12,
  needCompleteSourcesMap: false,
  isFaMode: false,
  strictMode: undefined,
  buildDir: 'C:\\Users\\xingqiliang.DC\\Desktop\\OpenHarmony_HeartBeat_Monitor\\entry\\build',
  deviceTypes: [ 'default', 'tablet' ],
  useNormalizedOHMUrl: false,
  pkgContextInfo: undefined,
  ohPackagePathMap: {},
  dependencyAliasMap: {},
  permission: {
    requestPermissions: [
      [Object], [Object], [Object],
      [Object], [Object], [Object],
      [Object], [Object], [Object],
      [Object], [Object], [Object],
      [Object], [Object], [Object],
      [Object], [Object], [Object],
      [Object], [Object]
    ],
    definePermissions: undefined
  },
  integratedHsp: false,
  projectArkOption: undefined,
  sourceMapDir: undefined,
  branchElimination: false,
  transformLib: undefined,
  caseSensitiveCheck: false,
  tsImportSendable: false,
  resolveConflictMode: true,
  depName2RootPath: {},
  depName2DepInfo: {},
  rootPathSet: [
    'C:\\Users\\xingqiliang.DC\\Desktop\\OpenHarmony_HeartBeat_Monitor'
  ],
  useNativeResolver: true,
  shouldEmitJs: true,
  autoLazyImport: undefined,
  allowEmptyBundleName: false,
  singleFileEmit: false,
  arkCompileCachePath: 'C:\\Users\\xingqiliang.DC\\Desktop\\OpenHarmony_HeartBeat_Monitor\\entry\\build\\default\\cache\\default\\default@CompileArkTS\\esmodule',
  reExportCheckMode: 'noCheck',
  aceModuleJsonPath: 'C:\\Users\\xingqiliang.DC\\Desktop\\OpenHarmony_HeartBeat_Monitor\\entry\\build\\default\\intermediates\\res\\default\\ark_module.json',
  appResource: 'C:\\Users\\xingqiliang.DC\\Desktop\\OpenHarmony_HeartBeat_Monitor\\entry\\build\\default\\intermediates\\res\\default\\ResourceTable.txt',
  rawFileResource: 'C:\\Users\\xingqiliang.DC\\Desktop\\OpenHarmony_HeartBeat_Monitor\\entry\\build\\default\\intermediates\\res\\default\\resources\\rawfile',
  resourceTableHash: '3411f85088221f8f223c8996500ae019',
  runtimeOS: 'OpenHarmony',
  sdkInfo: 'true:12:5.0.0.71:Release',
  aceModuleRoot: 'C:\\Users\\xingqiliang.DC\\Desktop\\OpenHarmony_HeartBeat_Monitor\\entry\\src\\main\\ets',
  compileMode: 'esmodule',
  aceSuperVisualPath: 'C:\\Users\\xingqiliang.DC\\Desktop\\OpenHarmony_HeartBeat_Monitor\\entry\\src\\main\\supervisual',
  aceBuildJson: 'C:\\Users\\xingqiliang.DC\\Desktop\\OpenHarmony_HeartBeat_Monitor\\entry\\build\\default\\intermediates\\loader\\default\\loader.json',
  cachePath: 'C:\\Users\\xingqiliang.DC\\Desktop\\OpenHarmony_HeartBeat_Monitor\\entry\\build\\default\\cache\\default\\default@CompileArkTS\\esmodule\\debug',
  aceModuleBuild: 'C:\\Users\\xingqiliang.DC\\Desktop\\OpenHarmony_HeartBeat_Monitor\\entry\\build\\default\\intermediates\\loader_out\\default\\ets',
  supportChunks: true,
  declaredFilesPath: undefined,
  pkgNameToPkgBriefInfo: {
    entry: {
      pkgRoot: 'C:\\Users\\xingqiliang.DC\\Desktop\\OpenHarmony_HeartBeat_Monitor\\entry',
      originalSourceRoots: undefined,
      sourceRoots: [Array],
      pkgName: 'entry'
    }
  },
  projectModel: {
    'C:\\Users\\xingqiliang.DC\\Desktop\\OpenHarmony_HeartBeat_Monitor\\entry\\src\\main': {
      moduleName: 'entry',
      modulePkgPath: 'C:\\Users\\xingqiliang.DC\\Desktop\\OpenHarmony_HeartBeat_Monitor\\entry',
      belongProjectPath: 'C:\\Users\\xingqiliang.DC\\Desktop\\OpenHarmony_HeartBeat_Monitor'
    },
    'C:\\Users\\xingqiliang.DC\\Desktop\\OpenHarmony_HeartBeat_Monitor\\entry\\build\\default\\intermediates\\src\\ohosTest\\ets': {
      moduleName: 'entry_test',
      modulePkgPath: 'C:\\Users\\xingqiliang.DC\\Desktop\\OpenHarmony_HeartBeat_Monitor\\entry',
      belongProjectPath: 'C:\\Users\\xingqiliang.DC\\Desktop\\OpenHarmony_HeartBeat_Monitor'
    },
    'C:\\Users\\xingqiliang.DC\\Desktop\\OpenHarmony_HeartBeat_Monitor\\entry\\src\\ohosTest': {
      moduleName: 'entry_test',
      modulePkgPath: 'C:\\Users\\xingqiliang.DC\\Desktop\\OpenHarmony_HeartBeat_Monitor\\entry',
      belongProjectPath: 'C:\\Users\\xingqiliang.DC\\Desktop\\OpenHarmony_HeartBeat_Monitor'
    },
    'C:\\Users\\xingqiliang.DC\\Desktop\\OpenHarmony_HeartBeat_Monitor\\entry': {
      moduleName: 'entry',
      modulePkgPath: 'C:\\Users\\xingqiliang.DC\\Desktop\\OpenHarmony_HeartBeat_Monitor\\entry',
      belongProjectPath: 'C:\\Users\\xingqiliang.DC\\Desktop\\OpenHarmony_HeartBeat_Monitor'
    },
    'C:\\Users\\xingqiliang.DC\\Desktop\\OpenHarmony_HeartBeat_Monitor': {
      moduleName: 'OpenHarmony_HeartBeat_Monitor',
      modulePkgPath: 'C:\\Users\\xingqiliang.DC\\Desktop\\OpenHarmony_HeartBeat_Monitor',
      belongProjectPath: 'C:\\Users\\xingqiliang.DC\\Desktop\\OpenHarmony_HeartBeat_Monitor'
    }
  },
  pkgJsonFileHash: 'ad14e34daa63b8462784838da084e1fc',
  allModulePaths: [
    'C:\\Users\\xingqiliang.DC\\Desktop\\OpenHarmony_HeartBeat_Monitor\\entry'
  ],
  routerMap: {},
  obfuscationOptions: undefined,
  compileBlockPkg: [],
  mockParams: {
    decorator: '@MockSetup',
    packageName: '@ohos/hamock',
    etsSourceRootPath: 'src/main/ets',
    mockConfigPath: 'C:\\Users\\xingqiliang.DC\\Desktop\\OpenHarmony_HeartBeat_Monitor\\entry\\src\\mock\\mock-config.json5',
    mockConfigKey2ModuleInfo: {}
  },
  copyCodeResourceEnable: true,
  copyCodeResourceExcludes: [],
  uiTransformOptimization: false,
  otherPaths: {
    'entry/*': [
      '..\\*',
      '..\\..\\..\\build\\default\\generated\\profile\\default\\*'
    ]
  },
  collectImportersConfig: undefined
}
[2025-08-18T15:33:49.493] [DEBUG] debug-file - default@CompileArkTS work[1] is submitted.
[2025-08-18T15:33:49.494] [DEBUG] debug-file - default@CompileArkTS work[1] is pushed to ready queue.
[2025-08-18T15:33:49.494] [DEBUG] debug-file - A work dispatched to worker[15] failed because unable to get work from ready queue.
[2025-08-18T15:33:49.494] [DEBUG] debug-file - A work dispatched to worker[14] failed because of worker busy.
[2025-08-18T15:33:49.494] [DEBUG] debug-file - A work dispatched to worker[13] failed because unable to get work from ready queue.
[2025-08-18T15:33:49.494] [DEBUG] debug-file - A work dispatched to worker[12] failed because unable to get work from ready queue.
[2025-08-18T15:33:49.494] [DEBUG] debug-file - A work dispatched to worker[11] failed because unable to get work from ready queue.
[2025-08-18T15:33:49.494] [DEBUG] debug-file - A work dispatched to worker[10] failed because unable to get work from ready queue.
[2025-08-18T15:33:49.494] [DEBUG] debug-file - A work dispatched to worker[9] failed because unable to get work from ready queue.
[2025-08-18T15:33:49.495] [DEBUG] debug-file - A work dispatched to worker[8] failed because unable to get work from ready queue.
[2025-08-18T15:33:49.495] [DEBUG] debug-file - A work dispatched to worker[7] failed because unable to get work from ready queue.
[2025-08-18T15:33:49.495] [DEBUG] debug-file - A work dispatched to worker[6] failed because unable to get work from ready queue.
[2025-08-18T15:33:49.495] [DEBUG] debug-file - A work dispatched to worker[5] failed because unable to get work from ready queue.
[2025-08-18T15:33:49.495] [DEBUG] debug-file - Create  resident worker with id: 4.
[2025-08-18T15:33:49.496] [DEBUG] debug-file - default@CompileArkTS work[1] has been dispatched to worker[4].
[2025-08-18T15:33:49.497] [DEBUG] debug-file - default@CompileArkTS work[1] is dispatched.
[2025-08-18T15:33:49.497] [DEBUG] debug-file - CopyResources startTime: 624846286464500
[2025-08-18T15:33:49.497] [DEBUG] debug-file - default@CompileArkTS work[2] is submitted.
[2025-08-18T15:33:49.498] [DEBUG] debug-file - default@CompileArkTS work[2] is pushed to ready queue.
[2025-08-18T15:33:49.498] [DEBUG] debug-file - A work dispatched to worker[15] failed because unable to get work from ready queue.
[2025-08-18T15:33:49.498] [DEBUG] debug-file - A work dispatched to worker[14] failed because of worker busy.
[2025-08-18T15:33:49.498] [DEBUG] debug-file - Create  resident worker with id: 13.
[2025-08-18T15:33:49.499] [DEBUG] debug-file - default@CompileArkTS work[2] has been dispatched to worker[13].
[2025-08-18T15:33:49.499] [DEBUG] debug-file - default@CompileArkTS work[2] is dispatched.
[2025-08-18T15:33:49.499] [DEBUG] debug-file - entry : default@CompileArkTS cost memory 2.2957611083984375
[2025-08-18T15:33:49.501] [DEBUG] debug-file - jsonObjWithoutParam {} at undefined
[2025-08-18T15:33:49.501] [DEBUG] debug-file - jsonObjWithoutParam {"name":"entry","version":"1.0.0","description":"Please describe the basic information.","main":"","author":"","license":"","dependencies":{}} at undefined
[2025-08-18T15:33:49.505] [DEBUG] debug-file - Executing task :entry:default@BuildJS
[2025-08-18T15:33:49.510] [DEBUG] debug-file - entry : default@BuildJS cost memory 0.30550384521484375
[2025-08-18T15:33:49.510] [DEBUG] debug-file - runTaskFromQueue task cost before running: 837 ms 
[2025-08-18T15:33:49.510] [INFO] debug-file - Finished :entry:default@BuildJS... after 6 ms 
[2025-08-18T15:33:50.246] [DEBUG] debug-file - worker[14] has one work done.
[2025-08-18T15:33:50.247] [DEBUG] debug-file - default@ProcessLibs work[0] done.
[2025-08-18T15:33:50.247] [DEBUG] debug-file - A work dispatched to worker[14] failed because unable to get work from ready queue.
[2025-08-18T15:33:50.247] [INFO] debug-file - Finished :entry:default@ProcessLibs... after 10 ms 
[2025-08-18T15:33:50.249] [DEBUG] debug-file - jsonObjWithoutParam {} at undefined
[2025-08-18T15:33:50.249] [DEBUG] debug-file - jsonObjWithoutParam {"name":"entry","version":"1.0.0","description":"Please describe the basic information.","main":"","author":"","license":"","dependencies":{}} at undefined
[2025-08-18T15:33:50.251] [DEBUG] debug-file - Executing task :entry:default@DoNativeStrip
[2025-08-18T15:33:50.251] [DEBUG] debug-file - Task 'entry:default@DoNativeStrip' cost while wrapping incremental declarations: 1 ms 
[2025-08-18T15:33:50.252] [DEBUG] debug-file - Incremental task entry:default@DoNativeStrip pre-execution cost: 1 ms .
[2025-08-18T15:33:50.252] [DEBUG] debug-file - entry : default@DoNativeStrip cost memory 0.109222412109375
[2025-08-18T15:33:50.253] [INFO] debug-file - UP-TO-DATE :entry:default@DoNativeStrip...  
[2025-08-18T15:33:50.254] [DEBUG] debug-file - jsonObjWithoutParam {} at undefined
[2025-08-18T15:33:50.255] [DEBUG] debug-file - jsonObjWithoutParam {"name":"entry","version":"1.0.0","description":"Please describe the basic information.","main":"","author":"","license":"","dependencies":{}} at undefined
[2025-08-18T15:33:50.256] [DEBUG] debug-file - Executing task :entry:default@CacheNativeLibs
[2025-08-18T15:33:50.257] [DEBUG] debug-file - Task 'entry:default@CacheNativeLibs' cost while wrapping incremental declarations: 1 ms 
[2025-08-18T15:33:50.258] [DEBUG] debug-file - Incremental task entry:default@CacheNativeLibs pre-execution cost: 1 ms .
[2025-08-18T15:33:50.258] [DEBUG] debug-file - entry : default@CacheNativeLibs cost memory 0.09358978271484375
[2025-08-18T15:33:50.258] [INFO] debug-file - UP-TO-DATE :entry:default@CacheNativeLibs...  
[2025-08-18T15:33:50.335] [DEBUG] debug-file - worker[13] has one work done.
[2025-08-18T15:33:50.335] [DEBUG] debug-file - CopyResources is end, endTime: 624847124364400
[2025-08-18T15:33:50.335] [DEBUG] debug-file - default@CompileArkTS work[2] done.
[2025-08-18T15:33:50.335] [DEBUG] debug-file - A work dispatched to worker[13] failed because unable to get work from ready queue.
[2025-08-18T15:33:56.043] [INFO] debug-file - [33mWARN: [33mArkTS:WARN File: C:/Users/xingqiliang.DC/Desktop/OpenHarmony_HeartBeat_Monitor/entry/src/main/ets/common/DeviceMonitor.ets:58:93
 'Function.bind' is not supported (arkts-no-func-bind)
[39m
[33mWARN: [33mArkTS:WARN File: C:/Users/xingqiliang.DC/Desktop/OpenHarmony_HeartBeat_Monitor/entry/src/main/ets/common/DeviceMonitor.ets:59:74
 'Function.bind' is not supported (arkts-no-func-bind)
[39m
[33mWARN: [33mArkTS:WARN File: C:/Users/xingqiliang.DC/Desktop/OpenHarmony_HeartBeat_Monitor/entry/src/main/ets/pages/Index.ets:10:26
 Classes cannot be used as objects (arkts-no-classes-as-obj)
[39m
[33mWARN: [33mArkTS:WARN File: C:/Users/xingqiliang.DC/Desktop/OpenHarmony_HeartBeat_Monitor/entry/src/main/ets/pages/Index.ets:63:47
 'Function.bind' is not supported (arkts-no-func-bind)
[39m
[33mWARN: [33mArkTS:WARN: For details about ArkTS syntax errors, see FAQs[39m
[33mWARN: [33mArkTS:WARN File: C:/Users/xingqiliang.DC/Desktop/OpenHarmony_HeartBeat_Monitor/entry/src/main/ets/common/SystemInfoCollector.ets:53:31
 'decode' has been deprecated.
[39m
[33mWARN: [33mArkTS:WARN File: C:/Users/xingqiliang.DC/Desktop/OpenHarmony_HeartBeat_Monitor/entry/src/main/ets/common/SystemInfoCollector.ets:137:35
 'getIpInfo' has been deprecated.
[39m
[33mWARN: [33mArkTS:WARN File: C:/Users/xingqiliang.DC/Desktop/OpenHarmony_HeartBeat_Monitor/entry/src/main/ets/common/SystemInfoCollector.ets:138:38
 'ipAddress' has been deprecated.
[39m
[33mWARN: [33mArkTS:WARN File: C:/Users/xingqiliang.DC/Desktop/OpenHarmony_HeartBeat_Monitor/entry/src/main/ets/common/SystemInfoCollector.ets:139:50
 'ipAddress' has been deprecated.
[39m
[33mWARN: [33mArkTS:WARN File: C:/Users/xingqiliang.DC/Desktop/OpenHarmony_HeartBeat_Monitor/entry/src/main/ets/common/SystemInfoCollector.ets:146:48
 'getIfaceConfig' is system api
[39m
[33mWARN: [33mArkTS:WARN File: C:/Users/xingqiliang.DC/Desktop/OpenHarmony_HeartBeat_Monitor/entry/src/main/ets/common/SystemInfoCollector.ets:147:44
 'ipAddr' is system api
[39m
[33mWARN: [33mArkTS:WARN File: C:/Users/xingqiliang.DC/Desktop/OpenHarmony_HeartBeat_Monitor/entry/src/main/ets/common/SystemInfoCollector.ets:148:58
 'ipAddr' is system api
[39m
[33mWARN: [33mArkTS:WARN File: C:/Users/xingqiliang.DC/Desktop/OpenHarmony_HeartBeat_Monitor/entry/src/main/ets/common/SystemInfoCollector.ets:149:34
 'ipAddr' is system api
[39m
[33mWARN: [33mArkTS:WARN File: C:/Users/xingqiliang.DC/Desktop/OpenHarmony_HeartBeat_Monitor/entry/src/main/ets/common/SystemInfoCollector.ets:178:46
 'getCurrentTime' has been deprecated.
[39m
[33mWARN: [33mArkTS:WARN File: C:/Users/xingqiliang.DC/Desktop/OpenHarmony_HeartBeat_Monitor/entry/src/main/ets/common/SystemInfoCollector.ets:283:61
 'getTotalSize' is system api
[39m
[33mWARN: [33mArkTS:WARN File: C:/Users/xingqiliang.DC/Desktop/OpenHarmony_HeartBeat_Monitor/entry/src/main/ets/common/SystemInfoCollector.ets:284:65
 'getFreeSize' is system api
[39m
[33mWARN: [33mArkTS:WARN File: C:/Users/xingqiliang.DC/Desktop/OpenHarmony_HeartBeat_Monitor/entry/src/main/ets/common/NetworkManager.ets:54:24
 'IPSetMode' is system api
[39m
[33mWARN: [33mArkTS:WARN File: C:/Users/xingqiliang.DC/Desktop/OpenHarmony_HeartBeat_Monitor/entry/src/main/ets/common/NetworkManager.ets:54:34
 'STATIC' is system api
[39m
[33mWARN: [33mArkTS:WARN File: C:/Users/xingqiliang.DC/Desktop/OpenHarmony_HeartBeat_Monitor/entry/src/main/ets/common/NetworkManager.ets:61:22
 'setIfaceConfig' is system api
[39m
[33mWARN: [33mArkTS:WARN File: C:/Users/xingqiliang.DC/Desktop/OpenHarmony_HeartBeat_Monitor/entry/src/main/ets/common/NetworkManager.ets:75:17
 'isWifiActive' has been deprecated.
[39m
[33mWARN: [33mArkTS:WARN File: C:/Users/xingqiliang.DC/Desktop/OpenHarmony_HeartBeat_Monitor/entry/src/main/ets/common/NetworkManager.ets:77:14
 'enableWifi' has been deprecated.
[39m
[33mWARN: [33mArkTS:WARN File: C:/Users/xingqiliang.DC/Desktop/OpenHarmony_HeartBeat_Monitor/entry/src/main/ets/common/NetworkManager.ets:77:14
 'enableWifi' is system api
[39m
[33mWARN: [33mArkTS:WARN File: C:/Users/xingqiliang.DC/Desktop/OpenHarmony_HeartBeat_Monitor/entry/src/main/ets/common/NetworkManager.ets:94:12
 'disconnect' has been deprecated.
[39m
[33mWARN: [33mArkTS:WARN File: C:/Users/xingqiliang.DC/Desktop/OpenHarmony_HeartBeat_Monitor/entry/src/main/ets/common/NetworkManager.ets:94:12
 'disconnect' is system api
[39m
[33mWARN: [33mArkTS:WARN File: C:/Users/xingqiliang.DC/Desktop/OpenHarmony_HeartBeat_Monitor/entry/src/main/ets/common/NetworkManager.ets:97:36
 'getDeviceConfigs' has been deprecated.
[39m
[33mWARN: [33mArkTS:WARN File: C:/Users/xingqiliang.DC/Desktop/OpenHarmony_HeartBeat_Monitor/entry/src/main/ets/common/NetworkManager.ets:97:36
 'getDeviceConfigs' is system api
[39m
[33mWARN: [33mArkTS:WARN File: C:/Users/xingqiliang.DC/Desktop/OpenHarmony_HeartBeat_Monitor/entry/src/main/ets/common/NetworkManager.ets:98:53
 'ssid' has been deprecated.
[39m
[33mWARN: [33mArkTS:WARN File: C:/Users/xingqiliang.DC/Desktop/OpenHarmony_HeartBeat_Monitor/entry/src/main/ets/common/NetworkManager.ets:100:88
 'netId' has been deprecated.
[39m
[33mWARN: [33mArkTS:WARN File: C:/Users/xingqiliang.DC/Desktop/OpenHarmony_HeartBeat_Monitor/entry/src/main/ets/common/NetworkManager.ets:101:14
 'disableNetwork' has been deprecated.
[39m
[33mWARN: [33mArkTS:WARN File: C:/Users/xingqiliang.DC/Desktop/OpenHarmony_HeartBeat_Monitor/entry/src/main/ets/common/NetworkManager.ets:101:14
 'disableNetwork' is system api
[39m
[33mWARN: [33mArkTS:WARN File: C:/Users/xingqiliang.DC/Desktop/OpenHarmony_HeartBeat_Monitor/entry/src/main/ets/common/NetworkManager.ets:101:39
 'netId' has been deprecated.
[39m
[33mWARN: [33mArkTS:WARN File: C:/Users/xingqiliang.DC/Desktop/OpenHarmony_HeartBeat_Monitor/entry/src/main/ets/common/NetworkManager.ets:102:14
 'removeDevice' has been deprecated.
[39m
[33mWARN: [33mArkTS:WARN File: C:/Users/xingqiliang.DC/Desktop/OpenHarmony_HeartBeat_Monitor/entry/src/main/ets/common/NetworkManager.ets:102:14
 'removeDevice' is system api
[39m
[33mWARN: [33mArkTS:WARN File: C:/Users/xingqiliang.DC/Desktop/OpenHarmony_HeartBeat_Monitor/entry/src/main/ets/common/NetworkManager.ets:102:37
 'netId' has been deprecated.
[39m
[33mWARN: [33mArkTS:WARN File: C:/Users/xingqiliang.DC/Desktop/OpenHarmony_HeartBeat_Monitor/entry/src/main/ets/common/NetworkManager.ets:126:22
 'IpType' has been deprecated.
[39m
[33mWARN: [33mArkTS:WARN File: C:/Users/xingqiliang.DC/Desktop/OpenHarmony_HeartBeat_Monitor/entry/src/main/ets/common/NetworkManager.ets:126:22
 'IpType' is system api
[39m
[33mWARN: [33mArkTS:WARN File: C:/Users/xingqiliang.DC/Desktop/OpenHarmony_HeartBeat_Monitor/entry/src/main/ets/common/NetworkManager.ets:126:29
 'STATIC' has been deprecated.
[39m
[33mWARN: [33mArkTS:WARN File: C:/Users/xingqiliang.DC/Desktop/OpenHarmony_HeartBeat_Monitor/entry/src/main/ets/common/NetworkManager.ets:126:29
 'STATIC' is system api
[39m
[33mWARN: [33mArkTS:WARN File: C:/Users/xingqiliang.DC/Desktop/OpenHarmony_HeartBeat_Monitor/entry/src/main/ets/common/NetworkManager.ets:136:35
 'addDeviceConfig' has been deprecated.
[39m
[33mWARN: [33mArkTS:WARN File: C:/Users/xingqiliang.DC/Desktop/OpenHarmony_HeartBeat_Monitor/entry/src/main/ets/common/NetworkManager.ets:136:35
 'addDeviceConfig' is system api
[39m
[33mWARN: [33mArkTS:WARN File: C:/Users/xingqiliang.DC/Desktop/OpenHarmony_HeartBeat_Monitor/entry/src/main/ets/common/NetworkManager.ets:142:34
 'connectToNetwork' has been deprecated.
[39m
[33mWARN: [33mArkTS:WARN File: C:/Users/xingqiliang.DC/Desktop/OpenHarmony_HeartBeat_Monitor/entry/src/main/ets/common/NetworkManager.ets:142:34
 'connectToNetwork' is system api
[39m
[33mWARN: [33mArkTS:WARN File: C:/Users/xingqiliang.DC/Desktop/OpenHarmony_HeartBeat_Monitor/entry/src/main/ets/common/NetworkManager.ets:159:17
 'isWifiActive' has been deprecated.
[39m
[33mWARN: [33mArkTS:WARN File: C:/Users/xingqiliang.DC/Desktop/OpenHarmony_HeartBeat_Monitor/entry/src/main/ets/common/NetworkManager.ets:164:34
 'getDeviceConfigs' has been deprecated.
[39m
[33mWARN: [33mArkTS:WARN File: C:/Users/xingqiliang.DC/Desktop/OpenHarmony_HeartBeat_Monitor/entry/src/main/ets/common/NetworkManager.ets:164:34
 'getDeviceConfigs' is system api
[39m
[33mWARN: [33mArkTS:WARN File: C:/Users/xingqiliang.DC/Desktop/OpenHarmony_HeartBeat_Monitor/entry/src/main/ets/common/NetworkManager.ets:176:41
 'ssid' has been deprecated.
[39m
[33mWARN: [33mArkTS:WARN File: C:/Users/xingqiliang.DC/Desktop/OpenHarmony_HeartBeat_Monitor/entry/src/main/ets/common/NetworkManager.ets:176:65
 'netId' has been deprecated.
[39m
[33mWARN: [33mArkTS:WARN File: C:/Users/xingqiliang.DC/Desktop/OpenHarmony_HeartBeat_Monitor/entry/src/main/ets/common/NetworkManager.ets:177:16
 'disableNetwork' has been deprecated.
[39m
[33mWARN: [33mArkTS:WARN File: C:/Users/xingqiliang.DC/Desktop/OpenHarmony_HeartBeat_Monitor/entry/src/main/ets/common/NetworkManager.ets:177:16
 'disableNetwork' is system api
[39m
[33mWARN: [33mArkTS:WARN File: C:/Users/xingqiliang.DC/Desktop/OpenHarmony_HeartBeat_Monitor/entry/src/main/ets/common/NetworkManager.ets:177:39
 'netId' has been deprecated.
[39m
[33mWARN: [33mArkTS:WARN File: C:/Users/xingqiliang.DC/Desktop/OpenHarmony_HeartBeat_Monitor/entry/src/main/ets/common/NetworkManager.ets:178:16
 'removeDevice' has been deprecated.
[39m
[33mWARN: [33mArkTS:WARN File: C:/Users/xingqiliang.DC/Desktop/OpenHarmony_HeartBeat_Monitor/entry/src/main/ets/common/NetworkManager.ets:178:16
 'removeDevice' is system api
[39m
[33mWARN: [33mArkTS:WARN File: C:/Users/xingqiliang.DC/Desktop/OpenHarmony_HeartBeat_Monitor/entry/src/main/ets/common/NetworkManager.ets:178:37
 'netId' has been deprecated.
[39m
[33mWARN: [33mArkTS:WARN File: C:/Users/xingqiliang.DC/Desktop/OpenHarmony_HeartBeat_Monitor/entry/src/main/ets/common/NetworkManager.ets:181:48
 'ssid' has been deprecated.
[39m
[33mWARN: [33mArkTS:WARN File: C:/Users/xingqiliang.DC/Desktop/OpenHarmony_HeartBeat_Monitor/entry/src/main/ets/common/NetworkManager.ets:186:12
 'disconnect' has been deprecated.
[39m
[33mWARN: [33mArkTS:WARN File: C:/Users/xingqiliang.DC/Desktop/OpenHarmony_HeartBeat_Monitor/entry/src/main/ets/common/NetworkManager.ets:186:12
 'disconnect' is system api
[39m
[33mWARN: [33mArkTS:WARN File: C:/Users/xingqiliang.DC/Desktop/OpenHarmony_HeartBeat_Monitor/entry/src/main/ets/common/DeviceMonitor.ets:233:36
 'encode' has been deprecated.
[39m
[33mWARN: [33mArkTS:WARN File: C:/Users/xingqiliang.DC/Desktop/OpenHarmony_HeartBeat_Monitor/entry/src/main/ets/common/DeviceMonitor.ets:401:28
 'encode' has been deprecated.
[39m
[33mWARN: [33mArkTS:WARN File: C:/Users/xingqiliang.DC/Desktop/OpenHarmony_HeartBeat_Monitor/entry/src/main/ets/common/DeviceMonitor.ets:428:34
 'decode' has been deprecated.
[39m
[33mWARN: [33mArkTS:WARN File: C:/Users/xingqiliang.DC/Desktop/OpenHarmony_HeartBeat_Monitor/entry/src/main/ets/pages/Index.ets:125:52
 'decode' has been deprecated.
[39m
[33mWARN: [33mArkTS:WARN File: C:/Users/xingqiliang.DC/Desktop/OpenHarmony_HeartBeat_Monitor/entry/src/main/ets/pages/Index.ets:383:37
 'encode' has been deprecated.
[39m
[33mWARN: [33mArkTS:WARN File: C:/Users/xingqiliang.DC/Desktop/OpenHarmony_HeartBeat_Monitor/entry/src/main/ets/pages/Index.ets:565:30
 'WifiSecurityType' has been deprecated.
[39m
[33mWARN: [33mArkTS:WARN File: C:/Users/xingqiliang.DC/Desktop/OpenHarmony_HeartBeat_Monitor/entry/src/main/ets/pages/Index.ets:565:47
 'WIFI_SEC_TYPE_PSK' has been deprecated.
[39m

[2025-08-18T15:33:56.043] [DEBUG] debug-file - Ark compile task finished.finished time is 624852832660700
[2025-08-18T15:33:56.044] [DEBUG] debug-file - worker[4] has one work done.
[2025-08-18T15:33:56.048] [DEBUG] debug-file - default@CompileArkTS work[1] done.
[2025-08-18T15:33:56.049] [DEBUG] debug-file - A work dispatched to worker[4] failed because unable to get work from ready queue.
[2025-08-18T15:33:56.051] [INFO] debug-file - Finished :entry:default@CompileArkTS... after 4 s 799 ms 
[2025-08-18T15:33:56.052] [DEBUG] debug-file - jsonObjWithoutParam {} at undefined
[2025-08-18T15:33:56.052] [DEBUG] debug-file - jsonObjWithoutParam {"name":"entry","version":"1.0.0","description":"Please describe the basic information.","main":"","author":"","license":"","dependencies":{}} at undefined
[2025-08-18T15:33:56.053] [DEBUG] debug-file - Executing task :entry:default@GeneratePkgModuleJson
[2025-08-18T15:33:56.053] [DEBUG] debug-file - Task 'entry:default@GeneratePkgModuleJson' cost while wrapping incremental declarations: 1 ms 
[2025-08-18T15:33:56.053] [DEBUG] debug-file - entry:default@GeneratePkgModuleJson is not up-to-date, since the input file 'C:\Users\xingqiliang.DC\Desktop\OpenHarmony_HeartBeat_Monitor\entry\build\default\intermediates\res\default\module.json' has been changed.
[2025-08-18T15:33:56.053] [DEBUG] debug-file - Incremental task entry:default@GeneratePkgModuleJson pre-execution cost: 1 ms .
[2025-08-18T15:33:56.053] [DEBUG] debug-file - jsonObjWithoutParam {} at undefined
[2025-08-18T15:33:56.053] [DEBUG] debug-file - jsonObjWithoutParam {"name":"entry","version":"1.0.0","description":"Please describe the basic information.","main":"","author":"","license":"","dependencies":{}} at undefined
[2025-08-18T15:33:56.055] [DEBUG] debug-file - entry : default@GeneratePkgModuleJson cost memory 0.122528076171875
[2025-08-18T15:33:56.055] [DEBUG] debug-file - runTaskFromQueue task cost before running: 7 s 382 ms 
[2025-08-18T15:33:56.055] [INFO] debug-file - Finished :entry:default@GeneratePkgModuleJson... after 2 ms 
[2025-08-18T15:33:56.057] [DEBUG] debug-file - jsonObjWithoutParam {} at undefined
[2025-08-18T15:33:56.057] [DEBUG] debug-file - jsonObjWithoutParam {"name":"entry","version":"1.0.0","description":"Please describe the basic information.","main":"","author":"","license":"","dependencies":{}} at undefined
[2025-08-18T15:33:56.061] [DEBUG] debug-file - Executing task :entry:default@PackageHap
[2025-08-18T15:33:56.065] [DEBUG] debug-file - entry:default@PackageHap is not up-to-date, since the input file 'C:\Users\xingqiliang.DC\Desktop\OpenHarmony_HeartBeat_Monitor\entry\build\default\intermediates\res\default\module.json' has been changed.
[2025-08-18T15:33:56.065] [DEBUG] debug-file - Incremental task entry:default@PackageHap pre-execution cost: 3 ms .
[2025-08-18T15:33:56.065] [DEBUG] debug-file - jsonObjWithoutParam {} at undefined
[2025-08-18T15:33:56.065] [DEBUG] debug-file - jsonObjWithoutParam {"name":"entry","version":"1.0.0","description":"Please describe the basic information.","main":"","author":"","license":"","dependencies":{}} at undefined
[2025-08-18T15:33:56.067] [DEBUG] debug-file - Use tool [C:\Users\xingqiliang.DC\AppData\Local\OpenHarmony\Sdk\12\toolchains\lib\app_packing_tool.jar]
 [
  'java',
  '-Dfile.encoding=GBK',
  '-jar',
  'C:\\Users\\xingqiliang.DC\\AppData\\Local\\OpenHarmony\\Sdk\\12\\toolchains\\lib\\app_packing_tool.jar',
  '--mode',
  'hap',
  '--force',
  'true',
  '--lib-path',
  'C:\\Users\\xingqiliang.DC\\Desktop\\OpenHarmony_HeartBeat_Monitor\\entry\\build\\default\\intermediates\\stripped_native_libs\\default',
  '--json-path',
  'C:\\Users\\xingqiliang.DC\\Desktop\\OpenHarmony_HeartBeat_Monitor\\entry\\build\\default\\intermediates\\package\\default\\module.json',
  '--resources-path',
  'C:\\Users\\xingqiliang.DC\\Desktop\\OpenHarmony_HeartBeat_Monitor\\entry\\build\\default\\intermediates\\res\\default\\resources',
  '--index-path',
  'C:\\Users\\xingqiliang.DC\\Desktop\\OpenHarmony_HeartBeat_Monitor\\entry\\build\\default\\intermediates\\res\\default\\resources.index',
  '--pack-info-path',
  'C:\\Users\\xingqiliang.DC\\Desktop\\OpenHarmony_HeartBeat_Monitor\\entry\\build\\default\\outputs\\default\\pack.info',
  '--out-path',
  'C:\\Users\\xingqiliang.DC\\Desktop\\OpenHarmony_HeartBeat_Monitor\\entry\\build\\default\\outputs\\default\\entry-default-unsigned.hap',
  '--rpcid-path',
  'C:\\Users\\xingqiliang.DC\\Desktop\\OpenHarmony_HeartBeat_Monitor\\entry\\build\\default\\intermediates\\syscap\\default\\rpcid.sc',
  '--ets-path',
  'C:\\Users\\xingqiliang.DC\\Desktop\\OpenHarmony_HeartBeat_Monitor\\entry\\build\\default\\intermediates\\loader_out\\default\\ets'
]
[2025-08-18T15:33:56.068] [DEBUG] debug-file - default@PackageHap work[3] is submitted.
[2025-08-18T15:33:56.068] [DEBUG] debug-file - default@PackageHap work[3] is pushed to ready queue.
[2025-08-18T15:33:56.068] [DEBUG] debug-file - A work dispatched to worker[15] failed because unable to get work from ready queue.
[2025-08-18T15:33:56.068] [DEBUG] debug-file - default@PackageHap work[3] has been dispatched to worker[14].
[2025-08-18T15:33:56.068] [DEBUG] debug-file - default@PackageHap work[3] is dispatched.
[2025-08-18T15:33:56.073] [DEBUG] debug-file - entry : default@PackageHap cost memory 0.904754638671875
[2025-08-18T15:33:56.073] [DEBUG] debug-file - current process  memoryUsage: {
  rss: 819068928,
  heapTotal: 79159296,
  heapUsed: 51624488,
  external: 2403520,
  arrayBuffers: 351218
} os memoryUsage :13.880294799804688
[2025-08-18T15:33:56.473] [DEBUG] debug-file - worker[14] has one work done.
[2025-08-18T15:33:56.473] [DEBUG] debug-file - default@PackageHap work[3] done.
[2025-08-18T15:33:56.473] [DEBUG] debug-file - A work dispatched to worker[14] failed because unable to get work from ready queue.
[2025-08-18T15:33:56.474] [INFO] debug-file - Finished :entry:default@PackageHap... after 413 ms 
[2025-08-18T15:33:56.476] [DEBUG] debug-file - jsonObjWithoutParam {} at undefined
[2025-08-18T15:33:56.476] [DEBUG] debug-file - jsonObjWithoutParam {"name":"entry","version":"1.0.0","description":"Please describe the basic information.","main":"","author":"","license":"","dependencies":{}} at undefined
[2025-08-18T15:33:56.478] [DEBUG] debug-file - Executing task :entry:default@SignHap
[2025-08-18T15:33:56.478] [DEBUG] debug-file - entry:default@SignHap is not up-to-date, since the input file 'C:/Users/xingqiliang.DC/.ohos/config/openharmony/default_OpenHarmony_HeartBeat_Monitor_ex5BV-prOc32sRt1bVle560tyGwTNfe8R0LzRl2KYDs=.cer' has been changed.
[2025-08-18T15:33:56.479] [DEBUG] debug-file - Incremental task entry:default@SignHap pre-execution cost: 1 ms .
[2025-08-18T15:33:56.479] [DEBUG] debug-file - jsonObjWithoutParam {} at undefined
[2025-08-18T15:33:56.479] [DEBUG] debug-file - jsonObjWithoutParam {"name":"entry","version":"1.0.0","description":"Please describe the basic information.","main":"","author":"","license":"","dependencies":{}} at undefined
[2025-08-18T15:33:57.299] [DEBUG] debug-file - java daemon socket received message:{"code":0,"message":"verify profile success"}
[2025-08-18T15:33:57.307] [DEBUG] debug-file - java daemon socket close code:1000 reason:close by user
[2025-08-18T15:33:57.561] [DEBUG] debug-file - java daemon socket received message:{"code":0,"message":"sign app success"}
[2025-08-18T15:33:57.562] [DEBUG] debug-file - entry : default@SignHap cost memory -24.98114776611328
[2025-08-18T15:33:57.563] [DEBUG] debug-file - runTaskFromQueue task cost before running: 8 s 889 ms 
[2025-08-18T15:33:57.563] [INFO] debug-file - Finished :entry:default@SignHap... after 1 s 86 ms 
[2025-08-18T15:33:57.565] [DEBUG] debug-file - jsonObjWithoutParam {} at undefined
[2025-08-18T15:33:57.565] [DEBUG] debug-file - jsonObjWithoutParam {"name":"entry","version":"1.0.0","description":"Please describe the basic information.","main":"","author":"","license":"","dependencies":{}} at undefined
[2025-08-18T15:33:57.566] [DEBUG] debug-file - Executing task :entry:default@CollectDebugSymbol
[2025-08-18T15:33:57.569] [DEBUG] debug-file - jsonObjWithoutParam {} at undefined
[2025-08-18T15:33:57.569] [DEBUG] debug-file - jsonObjWithoutParam {"name":"entry","version":"1.0.0","description":"Please describe the basic information.","main":"","author":"","license":"","dependencies":{}} at undefined
[2025-08-18T15:33:57.570] [DEBUG] debug-file - entry : default@CollectDebugSymbol cost memory 0.2443084716796875
[2025-08-18T15:33:57.570] [DEBUG] debug-file - runTaskFromQueue task cost before running: 8 s 897 ms 
[2025-08-18T15:33:57.570] [INFO] debug-file - Finished :entry:default@CollectDebugSymbol... after 4 ms 
[2025-08-18T15:33:57.571] [DEBUG] debug-file - Executing task :entry:assembleHap
[2025-08-18T15:33:57.571] [DEBUG] debug-file - entry : assembleHap cost memory 0.0118408203125
[2025-08-18T15:33:57.571] [DEBUG] debug-file - runTaskFromQueue task cost before running: 8 s 898 ms 
[2025-08-18T15:33:57.571] [INFO] debug-file - Finished :entry:assembleHap... after 1 ms 
[2025-08-18T15:33:57.581] [DEBUG] debug-file - BUILD SUCCESSFUL in 8 s 907 ms 
[2025-08-18T15:33:57.582] [DEBUG] debug-file - Update task entry:default@PreBuild input file:C:\Users\xingqiliang.DC\Desktop\OpenHarmony_HeartBeat_Monitor\AppScope\app.json5 cache by regenerate.
[2025-08-18T15:33:57.582] [DEBUG] debug-file - Update task entry:default@PreBuild input file:C:\Users\xingqiliang.DC\Desktop\OpenHarmony_HeartBeat_Monitor\entry\src\main\module.json5 cache by regenerate.
[2025-08-18T15:33:57.582] [DEBUG] debug-file - Update task entry:default@PreBuild input file:C:\Users\xingqiliang.DC\Desktop\OpenHarmony_HeartBeat_Monitor\build-profile.json5 cache from map.
[2025-08-18T15:33:57.582] [DEBUG] debug-file - Update task entry:default@PreBuild input file:C:\Users\xingqiliang.DC\Desktop\OpenHarmony_HeartBeat_Monitor\entry\build-profile.json5 cache by regenerate.
[2025-08-18T15:33:57.582] [DEBUG] debug-file - Update task entry:default@PreBuild input file:C:\Users\xingqiliang.DC\Desktop\OpenHarmony_HeartBeat_Monitor\entry\src\main\resources\base\profile\main_pages.json cache by regenerate.
[2025-08-18T15:33:57.583] [DEBUG] debug-file - Update task entry:default@PreBuild input file:C:\Users\xingqiliang.DC\Desktop\OpenHarmony_HeartBeat_Monitor\hvigor\hvigor-config.json5 cache by regenerate.
[2025-08-18T15:33:57.583] [DEBUG] debug-file - Update task entry:default@PreBuild input file:C:\Users\xingqiliang.DC\Desktop\OpenHarmony_HeartBeat_Monitor\entry\src\mock\mock-config.json5 cache by regenerate.
[2025-08-18T15:33:57.583] [DEBUG] debug-file - Update task entry:default@PreBuild input file:C:\Users\xingqiliang.DC\Desktop\OpenHarmony_HeartBeat_Monitor\entry\oh-package.json5 cache by regenerate.
[2025-08-18T15:33:57.583] [DEBUG] debug-file - Update task entry:default@PreBuild input file:C:\Users\xingqiliang.DC\Desktop\OpenHarmony_HeartBeat_Monitor\oh-package.json5 cache by regenerate.
[2025-08-18T15:33:57.583] [DEBUG] debug-file - Incremental task entry:default@PreBuild post-execution cost:3 ms .
[2025-08-18T15:33:57.584] [DEBUG] debug-file - Update task entry:default@CreateModuleInfo output file:C:\Users\xingqiliang.DC\Desktop\OpenHarmony_HeartBeat_Monitor\entry\build\default\generated\profile\default\ModuleInfo.ts cache.
[2025-08-18T15:33:57.584] [DEBUG] debug-file - Incremental task entry:default@CreateModuleInfo post-execution cost:1 ms .
[2025-08-18T15:33:57.584] [DEBUG] debug-file - There is no need to refresh cache, since the incremental task entry:default@GenerateMetadata is up-to-date.
[2025-08-18T15:33:57.584] [DEBUG] debug-file - Update task entry:default@MergeProfile input file:C:\Users\xingqiliang.DC\Desktop\OpenHarmony_HeartBeat_Monitor\AppScope\app.json5 cache by regenerate.
[2025-08-18T15:33:57.584] [DEBUG] debug-file - Update task entry:default@MergeProfile input file:C:\Users\xingqiliang.DC\Desktop\OpenHarmony_HeartBeat_Monitor\build-profile.json5 cache from map.
[2025-08-18T15:33:57.584] [DEBUG] debug-file - Update task entry:default@MergeProfile input file:C:\Users\xingqiliang.DC\Desktop\OpenHarmony_HeartBeat_Monitor\entry\src\main\module.json5 cache by regenerate.
[2025-08-18T15:33:57.584] [DEBUG] debug-file - Update task entry:default@MergeProfile output file:C:\Users\xingqiliang.DC\Desktop\OpenHarmony_HeartBeat_Monitor\entry\build\default\intermediates\merge_profile\default\module.json cache.
[2025-08-18T15:33:57.585] [DEBUG] debug-file - Incremental task entry:default@MergeProfile post-execution cost:1 ms .
[2025-08-18T15:33:57.585] [DEBUG] debug-file - Update task entry:default@CreateBuildProfile input file:C:\Users\xingqiliang.DC\Desktop\OpenHarmony_HeartBeat_Monitor\AppScope\app.json5 cache by regenerate.
[2025-08-18T15:33:57.585] [DEBUG] debug-file - Update task entry:default@CreateBuildProfile input file:C:\Users\xingqiliang.DC\Desktop\OpenHarmony_HeartBeat_Monitor\build-profile.json5 cache from map.
[2025-08-18T15:33:57.585] [DEBUG] debug-file - Update task entry:default@CreateBuildProfile output file:C:\Users\xingqiliang.DC\Desktop\OpenHarmony_HeartBeat_Monitor\entry\build\default\generated\profile\default\BuildProfile.ets cache.
[2025-08-18T15:33:57.585] [DEBUG] debug-file - Incremental task entry:default@CreateBuildProfile post-execution cost:1 ms .
[2025-08-18T15:33:57.585] [DEBUG] debug-file - Update task entry:default@GeneratePkgContextInfo output file:C:\Users\xingqiliang.DC\Desktop\OpenHarmony_HeartBeat_Monitor\entry\build\default\intermediates\loader\default\pkgContextInfo.json cache.
[2025-08-18T15:33:57.585] [DEBUG] debug-file - Incremental task entry:default@GeneratePkgContextInfo post-execution cost:1 ms .
[2025-08-18T15:33:57.586] [DEBUG] debug-file - Update task entry:default@ProcessIntegratedHsp output file:C:\Users\xingqiliang.DC\Desktop\OpenHarmony_HeartBeat_Monitor\build\cache\default\integrated_hsp\integratedHspCache.json cache.
[2025-08-18T15:33:57.586] [DEBUG] debug-file - Incremental task entry:default@ProcessIntegratedHsp post-execution cost:1 ms .
[2025-08-18T15:33:57.586] [DEBUG] debug-file - Update task entry:default@MakePackInfo input file:C:\Users\xingqiliang.DC\Desktop\OpenHarmony_HeartBeat_Monitor\AppScope\app.json5 cache by regenerate.
[2025-08-18T15:33:57.587] [DEBUG] debug-file - Update task entry:default@MakePackInfo input file:C:\Users\xingqiliang.DC\Desktop\OpenHarmony_HeartBeat_Monitor\entry\src\main\module.json5 cache by regenerate.
[2025-08-18T15:33:57.587] [DEBUG] debug-file - Update task entry:default@MakePackInfo input file:C:\Users\xingqiliang.DC\Desktop\OpenHarmony_HeartBeat_Monitor\build-profile.json5 cache from map.
[2025-08-18T15:33:57.587] [DEBUG] debug-file - Update task entry:default@MakePackInfo input file:C:\Users\xingqiliang.DC\Desktop\OpenHarmony_HeartBeat_Monitor\entry\src\main\resources\base\profile\backup_config.json cache by regenerate.
[2025-08-18T15:33:57.588] [DEBUG] debug-file - Update task entry:default@MakePackInfo output file:C:\Users\xingqiliang.DC\Desktop\OpenHarmony_HeartBeat_Monitor\entry\build\default\outputs\default\pack.info cache.
[2025-08-18T15:33:57.588] [DEBUG] debug-file - Incremental task entry:default@MakePackInfo post-execution cost:2 ms .
[2025-08-18T15:33:57.588] [DEBUG] debug-file - There is no need to refresh cache, since the incremental task entry:default@SyscapTransform is up-to-date.
[2025-08-18T15:33:57.588] [DEBUG] debug-file - Update task entry:default@ProcessProfile input file:C:\Users\xingqiliang.DC\Desktop\OpenHarmony_HeartBeat_Monitor\entry\build\default\intermediates\merge_profile\default\module.json cache from map.
[2025-08-18T15:33:57.588] [DEBUG] debug-file - Update task entry:default@ProcessProfile output file:C:\Users\xingqiliang.DC\Desktop\OpenHarmony_HeartBeat_Monitor\entry\build\default\intermediates\process_profile\default\module.json cache.
[2025-08-18T15:33:57.588] [DEBUG] debug-file - Incremental task entry:default@ProcessProfile post-execution cost:1 ms .
[2025-08-18T15:33:57.588] [DEBUG] debug-file - There is no need to refresh cache, since the incremental task entry:default@ProcessRouterMap is up-to-date.
[2025-08-18T15:33:57.588] [DEBUG] debug-file - There is no need to refresh cache, since the incremental task entry:default@ProcessResource is up-to-date.
[2025-08-18T15:33:57.588] [DEBUG] debug-file - There is no need to refresh cache, since the incremental task entry:default@GenerateLoaderJson is up-to-date.
[2025-08-18T15:33:57.589] [DEBUG] debug-file - Update task entry:default@ProcessLibs input file:C:\Users\xingqiliang.DC\Desktop\OpenHarmony_HeartBeat_Monitor\build-profile.json5 cache from map.
[2025-08-18T15:33:57.589] [DEBUG] debug-file - Update task entry:default@ProcessLibs input file:C:\Users\xingqiliang.DC\Desktop\OpenHarmony_HeartBeat_Monitor\entry\build-profile.json5 cache by regenerate.
[2025-08-18T15:33:57.589] [DEBUG] debug-file - Update task entry:default@ProcessLibs output file:C:\Users\xingqiliang.DC\Desktop\OpenHarmony_HeartBeat_Monitor\entry\build\default\intermediates\libs\default cache.
[2025-08-18T15:33:57.589] [DEBUG] debug-file - Incremental task entry:default@ProcessLibs post-execution cost:1 ms .
[2025-08-18T15:33:57.590] [DEBUG] debug-file - Update task entry:default@CompileResource input file:C:\Users\xingqiliang.DC\Desktop\OpenHarmony_HeartBeat_Monitor\entry\src\main\resources cache by regenerate.
[2025-08-18T15:33:57.592] [DEBUG] debug-file - Update task entry:default@CompileResource input file:C:\Users\xingqiliang.DC\Desktop\OpenHarmony_HeartBeat_Monitor\AppScope\resources cache by regenerate.
[2025-08-18T15:33:57.593] [DEBUG] debug-file - Update task entry:default@CompileResource input file:C:\Users\xingqiliang.DC\Desktop\OpenHarmony_HeartBeat_Monitor\entry\build\default\intermediates\process_profile\default\module.json cache from map.
[2025-08-18T15:33:57.593] [DEBUG] debug-file - Update task entry:default@CompileResource input file:C:\Users\xingqiliang.DC\Desktop\OpenHarmony_HeartBeat_Monitor\entry\build\default\intermediates\res\default\resConfig.json cache by regenerate.
[2025-08-18T15:33:57.593] [DEBUG] debug-file - Update task entry:default@CompileResource output file:C:\Users\xingqiliang.DC\Desktop\OpenHarmony_HeartBeat_Monitor\entry\build\default\intermediates\res\default cache.
[2025-08-18T15:33:57.598] [DEBUG] debug-file - Update task entry:default@CompileResource output file:C:\Users\xingqiliang.DC\Desktop\OpenHarmony_HeartBeat_Monitor\entry\build\default\generated\r\default\ResourceTable.h cache.
[2025-08-18T15:33:57.598] [DEBUG] debug-file - Update task entry:default@CompileResource output file:C:\Users\xingqiliang.DC\Desktop\OpenHarmony_HeartBeat_Monitor\entry\build\default\generated\r\default cache.
[2025-08-18T15:33:57.599] [DEBUG] debug-file - Incremental task entry:default@CompileResource post-execution cost:10 ms .
[2025-08-18T15:33:57.600] [DEBUG] debug-file - Update task entry:default@CompileArkTS input file:C:\Users\xingqiliang.DC\Desktop\OpenHarmony_HeartBeat_Monitor\entry\build\default\intermediates\loader\default cache by regenerate.
[2025-08-18T15:33:57.601] [DEBUG] debug-file - Update task entry:default@CompileArkTS input file:C:\Users\xingqiliang.DC\Desktop\OpenHarmony_HeartBeat_Monitor\entry\build\default\intermediates\res\default\ResourceTable.txt cache from map.
[2025-08-18T15:33:57.601] [DEBUG] debug-file - Update task entry:default@CompileArkTS input file:C:\Users\xingqiliang.DC\Desktop\OpenHarmony_HeartBeat_Monitor\entry\build\default\intermediates\res\default\ark_module.json cache by regenerate.
[2025-08-18T15:33:57.601] [DEBUG] debug-file - Update task entry:default@CompileArkTS input file:C:\Users\xingqiliang.DC\Desktop\OpenHarmony_HeartBeat_Monitor\entry\build\default\intermediates\res\default\resources\base\profile cache by regenerate.
[2025-08-18T15:33:57.602] [DEBUG] debug-file - Update task entry:default@CompileArkTS input file:C:\Users\xingqiliang.DC\Desktop\OpenHarmony_HeartBeat_Monitor\entry\src\main\ets cache by regenerate.
[2025-08-18T15:33:57.605] [DEBUG] debug-file - Update task entry:default@CompileArkTS input file:C:\Users\xingqiliang.DC\Desktop\OpenHarmony_HeartBeat_Monitor\entry\build\default\generated\profile\default\BuildProfile.ets cache by regenerate.
[2025-08-18T15:33:57.605] [DEBUG] debug-file - Update task entry:default@CompileArkTS input file:C:\Users\xingqiliang.DC\Desktop\OpenHarmony_HeartBeat_Monitor\entry\src\mock\mock-config.json5 cache by regenerate.
[2025-08-18T15:33:57.606] [DEBUG] debug-file - Update task entry:default@CompileArkTS output file:C:\Users\xingqiliang.DC\Desktop\OpenHarmony_HeartBeat_Monitor\entry\build\default\intermediates\loader_out\default\ets cache.
[2025-08-18T15:33:57.607] [DEBUG] debug-file - Incremental task entry:default@CompileArkTS post-execution cost:9 ms .
[2025-08-18T15:33:57.609] [DEBUG] debug-file - Update task entry:default@BuildJS input file:C:\Users\xingqiliang.DC\Desktop\OpenHarmony_HeartBeat_Monitor\entry\build\default\intermediates\loader\default cache by regenerate.
[2025-08-18T15:33:57.610] [DEBUG] debug-file - Update task entry:default@BuildJS input file:C:\Users\xingqiliang.DC\Desktop\OpenHarmony_HeartBeat_Monitor\entry\build\default\intermediates\res\default\ResourceTable.txt cache by regenerate.
[2025-08-18T15:33:57.610] [DEBUG] debug-file - Update task entry:default@BuildJS input file:C:\Users\xingqiliang.DC\Desktop\OpenHarmony_HeartBeat_Monitor\entry\build\default\intermediates\res\default\ark_module.json cache by regenerate.
[2025-08-18T15:33:57.610] [DEBUG] debug-file - Update task entry:default@BuildJS input file:C:\Users\xingqiliang.DC\Desktop\OpenHarmony_HeartBeat_Monitor\entry\build\default\intermediates\res\default\resources\base\profile cache by regenerate.
[2025-08-18T15:33:57.611] [DEBUG] debug-file - Update task entry:default@BuildJS output file:C:\Users\xingqiliang.DC\Desktop\OpenHarmony_HeartBeat_Monitor\entry\build\default\intermediates\loader_out\default\js cache.
[2025-08-18T15:33:57.611] [DEBUG] debug-file - Incremental task entry:default@BuildJS post-execution cost:5 ms .
[2025-08-18T15:33:57.612] [DEBUG] debug-file - There is no need to refresh cache, since the incremental task entry:default@DoNativeStrip is up-to-date.
[2025-08-18T15:33:57.612] [DEBUG] debug-file - There is no need to refresh cache, since the incremental task entry:default@CacheNativeLibs is up-to-date.
[2025-08-18T15:33:57.612] [DEBUG] debug-file - Update task entry:default@GeneratePkgModuleJson input file:C:\Users\xingqiliang.DC\Desktop\OpenHarmony_HeartBeat_Monitor\entry\build\default\intermediates\res\default\module.json cache from map.
[2025-08-18T15:33:57.612] [DEBUG] debug-file - Update task entry:default@GeneratePkgModuleJson output file:C:\Users\xingqiliang.DC\Desktop\OpenHarmony_HeartBeat_Monitor\entry\build\default\intermediates\package\default\module.json cache.
[2025-08-18T15:33:57.612] [DEBUG] debug-file - Incremental task entry:default@GeneratePkgModuleJson post-execution cost:1 ms .
[2025-08-18T15:33:57.613] [DEBUG] debug-file - Update task entry:default@PackageHap input file:C:\Users\xingqiliang.DC\Desktop\OpenHarmony_HeartBeat_Monitor\entry\build\default\intermediates\stripped_native_libs\default cache by regenerate.
[2025-08-18T15:33:57.613] [DEBUG] debug-file - Update task entry:default@PackageHap input file:C:\Users\xingqiliang.DC\Desktop\OpenHarmony_HeartBeat_Monitor\entry\build\default\intermediates\res\default\module.json cache from map.
[2025-08-18T15:33:57.613] [DEBUG] debug-file - Update task entry:default@PackageHap input file:C:\Users\xingqiliang.DC\Desktop\OpenHarmony_HeartBeat_Monitor\entry\build\default\intermediates\res\default\resources cache by regenerate.
[2025-08-18T15:33:57.614] [DEBUG] debug-file - Update task entry:default@PackageHap input file:C:\Users\xingqiliang.DC\Desktop\OpenHarmony_HeartBeat_Monitor\entry\build\default\intermediates\res\default\resources.index cache by regenerate.
[2025-08-18T15:33:57.614] [DEBUG] debug-file - Update task entry:default@PackageHap input file:C:\Users\xingqiliang.DC\Desktop\OpenHarmony_HeartBeat_Monitor\entry\build\default\outputs\default\pack.info cache by regenerate.
[2025-08-18T15:33:57.614] [DEBUG] debug-file - Update task entry:default@PackageHap input file:C:\Users\xingqiliang.DC\Desktop\OpenHarmony_HeartBeat_Monitor\entry\build\default\intermediates\syscap\default\rpcid.sc cache by regenerate.
[2025-08-18T15:33:57.614] [DEBUG] debug-file - Update task entry:default@PackageHap input file:C:\Users\xingqiliang.DC\Desktop\OpenHarmony_HeartBeat_Monitor\entry\build\default\intermediates\loader_out\default\ets cache by regenerate.
[2025-08-18T15:33:57.615] [DEBUG] debug-file - Update task entry:default@PackageHap input file:C:\Users\xingqiliang.DC\Desktop\OpenHarmony_HeartBeat_Monitor\entry\build\default\intermediates\loader_out\default\ets\sourceMaps.map cache by regenerate.
[2025-08-18T15:33:57.615] [DEBUG] debug-file - Update task entry:default@PackageHap input file:C:\Users\xingqiliang.DC\Desktop\OpenHarmony_HeartBeat_Monitor\entry\build\default\generated\profile\default\BuildProfile.ets cache by regenerate.
[2025-08-18T15:33:57.615] [DEBUG] debug-file - Update task entry:default@PackageHap output file:C:\Users\xingqiliang.DC\Desktop\OpenHarmony_HeartBeat_Monitor\entry\build\default\outputs\default\entry-default-unsigned.hap cache.
[2025-08-18T15:33:57.615] [DEBUG] debug-file - Update task entry:default@PackageHap output file:C:\Users\xingqiliang.DC\Desktop\OpenHarmony_HeartBeat_Monitor\entry\build\default\intermediates\source_map\default\sourceMaps.map cache.
[2025-08-18T15:33:57.616] [DEBUG] debug-file - Update task entry:default@PackageHap output file:C:\Users\xingqiliang.DC\Desktop\OpenHarmony_HeartBeat_Monitor\entry\build\default\outputs\default\mapping\sourceMaps.map cache.
[2025-08-18T15:33:57.616] [DEBUG] debug-file - Incremental task entry:default@PackageHap post-execution cost:4 ms .
[2025-08-18T15:33:57.616] [DEBUG] debug-file - Update task entry:default@SignHap input file:C:/Users/xingqiliang.DC/.ohos/config/openharmony/default_OpenHarmony_HeartBeat_Monitor_ex5BV-prOc32sRt1bVle560tyGwTNfe8R0LzRl2KYDs=.cer cache from map.
[2025-08-18T15:33:57.616] [DEBUG] debug-file - Update task entry:default@SignHap input file:C:/Users/xingqiliang.DC/.ohos/config/openharmony/default_OpenHarmony_HeartBeat_Monitor_ex5BV-prOc32sRt1bVle560tyGwTNfe8R0LzRl2KYDs=.p7b cache by regenerate.
[2025-08-18T15:33:57.616] [DEBUG] debug-file - Update task entry:default@SignHap input file:C:/Users/xingqiliang.DC/.ohos/config/openharmony/default_OpenHarmony_HeartBeat_Monitor_ex5BV-prOc32sRt1bVle560tyGwTNfe8R0LzRl2KYDs=.p12 cache by regenerate.
[2025-08-18T15:33:57.616] [DEBUG] debug-file - Update task entry:default@SignHap input file:C:\Users\xingqiliang.DC\Desktop\OpenHarmony_HeartBeat_Monitor\entry\build\default\outputs\default\entry-default-unsigned.hap cache by regenerate.
[2025-08-18T15:33:57.616] [DEBUG] debug-file - Update task entry:default@SignHap output file:C:\Users\xingqiliang.DC\Desktop\OpenHarmony_HeartBeat_Monitor\entry\build\default\outputs\default\entry-default-signed.hap cache.
[2025-08-18T15:33:57.617] [DEBUG] debug-file - Incremental task entry:default@SignHap post-execution cost:1 ms .
[2025-08-18T15:33:57.618] [DEBUG] debug-file - Update task entry:default@CollectDebugSymbol input file:C:\Users\xingqiliang.DC\Desktop\OpenHarmony_HeartBeat_Monitor\entry\build\default\intermediates\loader_out\default\ets\sourceMaps.map cache by regenerate.
[2025-08-18T15:33:57.618] [DEBUG] debug-file - Update task entry:default@CollectDebugSymbol input file:C:\Users\xingqiliang.DC\Desktop\OpenHarmony_HeartBeat_Monitor\entry\build\default\intermediates\libs\default cache by regenerate.
[2025-08-18T15:33:57.618] [DEBUG] debug-file - Update task entry:default@CollectDebugSymbol output file:C:\Users\xingqiliang.DC\Desktop\OpenHarmony_HeartBeat_Monitor\entry\build\default\outputs\default\symbol cache.
[2025-08-18T15:33:57.619] [DEBUG] debug-file - Incremental task entry:default@CollectDebugSymbol post-execution cost:3 ms .
[2025-08-18T15:33:57.641] [DEBUG] debug-file - Current worker pool is stopped or closed.
[2025-08-18T15:33:57.641] [DEBUG] debug-file - Clear worker 13.
[2025-08-18T15:33:57.642] [DEBUG] debug-file - Worker 13 has been cleared.
[2025-08-18T15:33:57.642] [DEBUG] debug-file - Current idle worker size: 2.
[2025-08-18T15:33:57.642] [DEBUG] debug-file - Current busy worker size: 0.
[2025-08-18T15:33:57.642] [DEBUG] debug-file - Clear worker 4.
[2025-08-18T15:33:57.642] [DEBUG] debug-file - Worker 4 has been cleared.
[2025-08-18T15:33:57.642] [DEBUG] debug-file - Current idle worker size: 1.
[2025-08-18T15:33:57.642] [DEBUG] debug-file - Current busy worker size: 0.
[2025-08-18T15:33:57.642] [DEBUG] debug-file - Clear worker 14.
[2025-08-18T15:33:57.642] [DEBUG] debug-file - Worker 14 has been cleared.
[2025-08-18T15:33:57.642] [DEBUG] debug-file - Current idle worker size: 0.
[2025-08-18T15:33:57.642] [DEBUG] debug-file - Current busy worker size: 0.
[2025-08-18T15:33:57.643] [DEBUG] debug-file - hvigor build process will be closed.
[2025-08-18T15:33:57.643] [DEBUG] debug-file - java daemon socket close code:1000 reason:close by user
[2025-08-18T15:33:57.650] [DEBUG] debug-file - session manager: send message to worker process.
[2025-08-18T15:33:57.651] [DEBUG] debug-file - session manager: send message to worker process.
[2025-08-18T15:33:57.650] [DEBUG] debug-file - Current worker pool is terminated.
[2025-08-18T15:33:57.651] [DEBUG] debug-file - watch worker: worker id should be larger than 0. Nothing will be sent to any worker thread.
[2025-08-18T15:33:57.651] [DEBUG] debug-file - watch worker: worker id should be larger than 0. Nothing will be sent to any worker thread.
[2025-08-18T15:33:57.671] [DEBUG] debug-file - worker[13] exits with exit code 1.
[2025-08-18T15:33:57.671] [DEBUG] debug-file - worker[14] exits with exit code 1.
[2025-08-18T15:33:57.702] [DEBUG] debug-file - worker[4] exits with exit code 1.
[2025-08-18T15:35:53.296] [DEBUG] debug-file - session manager: set active socket. socketId=REIlT6xelCS3LbxxAAAF
[2025-08-18T15:35:53.304] [DEBUG] debug-file - watch worker: worker id should be larger than 0. Nothing will be sent to any worker thread.
[2025-08-18T15:35:53.316] [DEBUG] debug-file - Hvigor init with startParameters:{
  hvigorfileTypeCheck: false,
  parallelExecution: true,
  incrementalExecution: true,
  printStackTrace: false,
  daemon: true,
  analyze: 0,
  logLevel: Level { level: 20000, levelStr: 'INFO', colour: 'green' }
}
[2025-08-18T15:35:53.322] [DEBUG] debug-file - Cache service initialization finished in 6 ms 
[2025-08-18T15:35:53.331] [DEBUG] debug-file - hvigorfile, resolving C:\Users\xingqiliang.DC\Desktop\OpenHarmony_HeartBeat_Monitor\hvigorfile.ts
[2025-08-18T15:35:53.388] [DEBUG] debug-file - hvigorfile, require result:  { default: { plugins: [] } }
[2025-08-18T15:35:53.389] [DEBUG] debug-file - hvigorfile, binding system plugins null
[2025-08-18T15:35:53.403] [DEBUG] debug-file - Start initialize project's product build option map with build mode debug.
[2025-08-18T15:35:53.404] [DEBUG] debug-file - Picking option from product 'default' with build mode 'debug'.
[2025-08-18T15:35:53.404] [DEBUG] debug-file - Product 'default' build option: {}
[2025-08-18T15:35:53.404] [DEBUG] debug-file - End initialize project's product build option map with build mode 'debug'.
[2025-08-18T15:35:53.405] [DEBUG] debug-file - Product 'default' using build option: {
  "debuggable": true
} in this build.
[2025-08-18T15:35:53.417] [DEBUG] debug-file - Start recording SDK configuration permission data.
[2025-08-18T15:35:53.431] [DEBUG] debug-file - Sdk init in 20 ms 
[2025-08-18T15:35:53.445] [DEBUG] debug-file - Project task initialization takes 13 ms 
[2025-08-18T15:35:53.445] [DEBUG] debug-file - hvigorfile, binding custom plugins []
[2025-08-18T15:35:53.445] [DEBUG] debug-file - hvigorfile, no custom plugins were found in C:\Users\xingqiliang.DC\Desktop\OpenHarmony_HeartBeat_Monitor\hvigorfile.ts
[2025-08-18T15:35:53.446] [DEBUG] debug-file - hvigorfile, resolve finished C:\Users\xingqiliang.DC\Desktop\OpenHarmony_HeartBeat_Monitor\hvigorfile.ts
[2025-08-18T15:35:53.450] [DEBUG] debug-file - hvigorfile, resolving C:\Users\xingqiliang.DC\Desktop\OpenHarmony_HeartBeat_Monitor\entry\hvigorfile.ts
[2025-08-18T15:35:53.453] [DEBUG] debug-file - hvigorfile, require result:  { default: { plugins: [] } }
[2025-08-18T15:35:53.453] [DEBUG] debug-file - hvigorfile, binding system plugins null
[2025-08-18T15:35:53.462] [DEBUG] debug-file - Start initialize module-target build option map, moduleName=entry, buildMode=debug
[2025-08-18T15:35:53.462] [DEBUG] debug-file - Target 'default' config: {}
[2025-08-18T15:35:53.462] [DEBUG] debug-file - Target 'ohosTest' config: {}
[2025-08-18T15:35:53.463] [DEBUG] debug-file - Module 'entry' target 'default' build option: {
  "debuggable": true,
  "copyFrom": "default",
  "name": "debug"
}
[2025-08-18T15:35:53.463] [DEBUG] debug-file - Module 'entry' target 'ohosTest' build option: {
  "debuggable": true,
  "name": "default"
}
[2025-08-18T15:35:53.463] [DEBUG] debug-file - End initialize module-target build option map, moduleName=entry
[2025-08-18T15:35:53.463] [DEBUG] debug-file - Module 'entry' target 'default' using build option: {
  "debuggable": true,
  "copyFrom": "default",
  "name": "debug"
} in this build.
[2025-08-18T15:35:53.467] [DEBUG] debug-file - Module entry task initialization takes 3 ms 
[2025-08-18T15:35:53.467] [DEBUG] debug-file - hvigorfile, binding custom plugins []
[2025-08-18T15:35:53.467] [DEBUG] debug-file - hvigorfile, no custom plugins were found in C:\Users\xingqiliang.DC\Desktop\OpenHarmony_HeartBeat_Monitor\entry\hvigorfile.ts
[2025-08-18T15:35:53.467] [DEBUG] debug-file - hvigorfile, resolve finished C:\Users\xingqiliang.DC\Desktop\OpenHarmony_HeartBeat_Monitor\entry\hvigorfile.ts
[2025-08-18T15:35:53.518] [DEBUG] debug-file - hvigorfile, resolve hvigorfile dependencies in 50 ms 
[2025-08-18T15:35:53.519] [DEBUG] debug-file - project has submodules:entry
[2025-08-18T15:35:53.520] [DEBUG] debug-file - start to load updatedOhPackageInfo to the disk
[2025-08-18T15:35:53.527] [DEBUG] debug-file - load to the disk finished
[2025-08-18T15:35:53.528] [DEBUG] debug-file - Start to initialize dependency information.
[2025-08-18T15:35:53.531] [DEBUG] debug-file - Module OpenHarmony_HeartBeat_Monitor Collected Dependency: 
[2025-08-18T15:35:53.531] [DEBUG] debug-file - Module OpenHarmony_HeartBeat_Monitor's total dependency: 0
[2025-08-18T15:35:53.532] [DEBUG] debug-file - Start to initialize dependency information.
[2025-08-18T15:35:53.533] [DEBUG] debug-file - Module entry Collected Dependency: 
[2025-08-18T15:35:53.533] [DEBUG] debug-file - Module entry's total dependency: 0
[2025-08-18T15:35:53.536] [DEBUG] debug-file - Configuration phase cost:210 ms 
[2025-08-18T15:35:53.538] [DEBUG] debug-file - Configuration task cost before running: 232 ms 
[2025-08-18T15:35:53.541] [DEBUG] debug-file - Since there is no instance or instance is terminated, create a new worker pool.
[2025-08-18T15:35:53.541] [DEBUG] debug-file - Worker pool is initialized with config:  {
  minPoolNum: 2,
  maxPoolNum: undefined,
  maxCoreSize: undefined,
  cacheCapacity: undefined,
  cacheTtl: undefined
}
[2025-08-18T15:35:53.542] [DEBUG] debug-file - Create  resident worker with id: 0.
[2025-08-18T15:35:53.542] [DEBUG] debug-file - Create  resident worker with id: 1.
[2025-08-18T15:35:53.543] [DEBUG] debug-file - jsonObjWithoutParam {} at undefined
[2025-08-18T15:35:53.543] [DEBUG] debug-file - jsonObjWithoutParam {"name":"entry","version":"1.0.0","description":"Please describe the basic information.","main":"","author":"","license":"","dependencies":{}} at undefined
[2025-08-18T15:35:53.546] [DEBUG] debug-file - Executing task :entry:default@PreBuild
[2025-08-18T15:35:53.551] [DEBUG] debug-file - Incremental task entry:default@PreBuild pre-execution cost: 3 ms .
[2025-08-18T15:35:53.551] [DEBUG] debug-file - entry : default@PreBuild cost memory 0.42208099365234375
[2025-08-18T15:35:53.553] [INFO] debug-file - UP-TO-DATE :entry:default@PreBuild...  
[2025-08-18T15:35:53.554] [DEBUG] debug-file - jsonObjWithoutParam {} at undefined
[2025-08-18T15:35:53.554] [DEBUG] debug-file - jsonObjWithoutParam {"name":"entry","version":"1.0.0","description":"Please describe the basic information.","main":"","author":"","license":"","dependencies":{}} at undefined
[2025-08-18T15:35:53.555] [DEBUG] debug-file - Executing task :entry:default@CreateModuleInfo
[2025-08-18T15:35:53.555] [DEBUG] debug-file - Task 'entry:default@CreateModuleInfo' cost while wrapping incremental declarations: 1 ms 
[2025-08-18T15:35:53.556] [DEBUG] debug-file - entry : default@CreateModuleInfo cost memory 0.0597686767578125
[2025-08-18T15:35:53.556] [DEBUG] debug-file - runTaskFromQueue task cost before running: 249 ms 
[2025-08-18T15:35:53.556] [INFO] debug-file - Finished :entry:default@CreateModuleInfo... after 1 ms 
[2025-08-18T15:35:53.557] [DEBUG] debug-file - jsonObjWithoutParam {} at undefined
[2025-08-18T15:35:53.557] [DEBUG] debug-file - jsonObjWithoutParam {"name":"entry","version":"1.0.0","description":"Please describe the basic information.","main":"","author":"","license":"","dependencies":{}} at undefined
[2025-08-18T15:35:53.559] [DEBUG] debug-file - Executing task :entry:default@GenerateMetadata
[2025-08-18T15:35:53.560] [DEBUG] debug-file - Task 'entry:default@GenerateMetadata' cost while wrapping incremental declarations: 1 ms 
[2025-08-18T15:35:53.560] [DEBUG] debug-file - Incremental task entry:default@GenerateMetadata pre-execution cost: 1 ms .
[2025-08-18T15:35:53.560] [DEBUG] debug-file - entry : default@GenerateMetadata cost memory 0.10041046142578125
[2025-08-18T15:35:53.561] [INFO] debug-file - UP-TO-DATE :entry:default@GenerateMetadata...  
[2025-08-18T15:35:53.562] [DEBUG] debug-file - jsonObjWithoutParam {} at undefined
[2025-08-18T15:35:53.562] [DEBUG] debug-file - jsonObjWithoutParam {"name":"entry","version":"1.0.0","description":"Please describe the basic information.","main":"","author":"","license":"","dependencies":{}} at undefined
[2025-08-18T15:35:53.562] [DEBUG] debug-file - Executing task :entry:default@ConfigureCmake
[2025-08-18T15:35:53.562] [DEBUG] debug-file - jsonObjWithoutParam {} at undefined
[2025-08-18T15:35:53.562] [DEBUG] debug-file - jsonObjWithoutParam {"name":"entry","version":"1.0.0","description":"Please describe the basic information.","main":"","author":"","license":"","dependencies":{}} at undefined
[2025-08-18T15:35:53.562] [DEBUG] debug-file - entry : default@ConfigureCmake cost memory 0.03714752197265625
[2025-08-18T15:35:53.562] [DEBUG] debug-file - runTaskFromQueue task cost before running: 256 ms 
[2025-08-18T15:35:53.562] [INFO] debug-file - Finished :entry:default@ConfigureCmake... after 1 ms 
[2025-08-18T15:35:53.564] [DEBUG] debug-file - jsonObjWithoutParam {} at undefined
[2025-08-18T15:35:53.564] [DEBUG] debug-file - jsonObjWithoutParam {"name":"entry","version":"1.0.0","description":"Please describe the basic information.","main":"","author":"","license":"","dependencies":{}} at undefined
[2025-08-18T15:35:53.564] [DEBUG] debug-file - Executing task :entry:default@MergeProfile
[2025-08-18T15:35:53.566] [DEBUG] debug-file - Incremental task entry:default@MergeProfile pre-execution cost: 1 ms .
[2025-08-18T15:35:53.566] [DEBUG] debug-file - entry : default@MergeProfile cost memory 0.13820648193359375
[2025-08-18T15:35:53.566] [INFO] debug-file - UP-TO-DATE :entry:default@MergeProfile...  
[2025-08-18T15:35:53.567] [DEBUG] debug-file - jsonObjWithoutParam {} at undefined
[2025-08-18T15:35:53.567] [DEBUG] debug-file - jsonObjWithoutParam {"name":"entry","version":"1.0.0","description":"Please describe the basic information.","main":"","author":"","license":"","dependencies":{}} at undefined
[2025-08-18T15:35:53.568] [DEBUG] debug-file - Executing task :entry:default@CreateBuildProfile
[2025-08-18T15:35:53.568] [DEBUG] debug-file - Task 'entry:default@CreateBuildProfile' cost while wrapping incremental declarations: 1 ms 
[2025-08-18T15:35:53.569] [DEBUG] debug-file - Incremental task entry:default@CreateBuildProfile pre-execution cost: 1 ms .
[2025-08-18T15:35:53.569] [DEBUG] debug-file - entry : default@CreateBuildProfile cost memory 0.10637664794921875
[2025-08-18T15:35:53.569] [INFO] debug-file - UP-TO-DATE :entry:default@CreateBuildProfile...  
[2025-08-18T15:35:53.570] [DEBUG] debug-file - jsonObjWithoutParam {} at undefined
[2025-08-18T15:35:53.571] [DEBUG] debug-file - jsonObjWithoutParam {"name":"entry","version":"1.0.0","description":"Please describe the basic information.","main":"","author":"","license":"","dependencies":{}} at undefined
[2025-08-18T15:35:53.571] [DEBUG] debug-file - Executing task :entry:default@PreCheckSyscap
[2025-08-18T15:35:53.571] [DEBUG] debug-file - jsonObjWithoutParam {} at undefined
[2025-08-18T15:35:53.571] [DEBUG] debug-file - jsonObjWithoutParam {"name":"entry","version":"1.0.0","description":"Please describe the basic information.","main":"","author":"","license":"","dependencies":{}} at undefined
[2025-08-18T15:35:53.571] [DEBUG] debug-file - entry : default@PreCheckSyscap cost memory 0.0406341552734375
[2025-08-18T15:35:53.571] [DEBUG] debug-file - runTaskFromQueue task cost before running: 265 ms 
[2025-08-18T15:35:53.571] [INFO] debug-file - Finished :entry:default@PreCheckSyscap... after 1 ms 
[2025-08-18T15:35:53.573] [DEBUG] debug-file - jsonObjWithoutParam {} at undefined
[2025-08-18T15:35:53.573] [DEBUG] debug-file - jsonObjWithoutParam {"name":"entry","version":"1.0.0","description":"Please describe the basic information.","main":"","author":"","license":"","dependencies":{}} at undefined
[2025-08-18T15:35:53.576] [DEBUG] debug-file - Executing task :entry:default@GeneratePkgContextInfo
[2025-08-18T15:35:53.576] [DEBUG] debug-file - Task 'entry:default@GeneratePkgContextInfo' cost while wrapping incremental declarations: 1 ms 
[2025-08-18T15:35:53.576] [DEBUG] debug-file - entry : default@GeneratePkgContextInfo cost memory 0.03995513916015625
[2025-08-18T15:35:53.576] [DEBUG] debug-file - runTaskFromQueue task cost before running: 270 ms 
[2025-08-18T15:35:53.576] [INFO] debug-file - Finished :entry:default@GeneratePkgContextInfo... after 1 ms 
[2025-08-18T15:35:53.578] [DEBUG] debug-file - jsonObjWithoutParam {} at undefined
[2025-08-18T15:35:53.578] [DEBUG] debug-file - jsonObjWithoutParam {"name":"entry","version":"1.0.0","description":"Please describe the basic information.","main":"","author":"","license":"","dependencies":{}} at undefined
[2025-08-18T15:35:53.579] [DEBUG] debug-file - Executing task :entry:default@ProcessIntegratedHsp
[2025-08-18T15:35:53.580] [DEBUG] debug-file - entry:default@ProcessIntegratedHsp is not up-to-date, since the output file 'C:\Users\xingqiliang.DC\Desktop\OpenHarmony_HeartBeat_Monitor\build\cache\default\integrated_hsp\integratedHspCache.json' does not exist.
[2025-08-18T15:35:53.580] [DEBUG] debug-file - Incremental task entry:default@ProcessIntegratedHsp pre-execution cost: 1 ms .
[2025-08-18T15:35:53.580] [DEBUG] debug-file - jsonObjWithoutParam {} at undefined
[2025-08-18T15:35:53.580] [DEBUG] debug-file - jsonObjWithoutParam {"name":"entry","version":"1.0.0","description":"Please describe the basic information.","main":"","author":"","license":"","dependencies":{}} at undefined
[2025-08-18T15:35:53.580] [DEBUG] debug-file - entry : default@ProcessIntegratedHsp cost memory 0.118988037109375
[2025-08-18T15:35:53.580] [DEBUG] debug-file - runTaskFromQueue task cost before running: 274 ms 
[2025-08-18T15:35:53.581] [INFO] debug-file - Finished :entry:default@ProcessIntegratedHsp... after 2 ms 
[2025-08-18T15:35:53.582] [DEBUG] debug-file - jsonObjWithoutParam {} at undefined
[2025-08-18T15:35:53.582] [DEBUG] debug-file - jsonObjWithoutParam {"name":"entry","version":"1.0.0","description":"Please describe the basic information.","main":"","author":"","license":"","dependencies":{}} at undefined
[2025-08-18T15:35:53.583] [DEBUG] debug-file - Executing task :entry:default@BuildNativeWithCmake
[2025-08-18T15:35:53.583] [DEBUG] debug-file - jsonObjWithoutParam {} at undefined
[2025-08-18T15:35:53.583] [DEBUG] debug-file - jsonObjWithoutParam {"name":"entry","version":"1.0.0","description":"Please describe the basic information.","main":"","author":"","license":"","dependencies":{}} at undefined
[2025-08-18T15:35:53.583] [DEBUG] debug-file - entry : default@BuildNativeWithCmake cost memory 0.038299560546875
[2025-08-18T15:35:53.583] [DEBUG] debug-file - runTaskFromQueue task cost before running: 277 ms 
[2025-08-18T15:35:53.583] [INFO] debug-file - Finished :entry:default@BuildNativeWithCmake... after 1 ms 
[2025-08-18T15:35:53.584] [DEBUG] debug-file - jsonObjWithoutParam {} at undefined
[2025-08-18T15:35:53.584] [DEBUG] debug-file - jsonObjWithoutParam {"name":"entry","version":"1.0.0","description":"Please describe the basic information.","main":"","author":"","license":"","dependencies":{}} at undefined
[2025-08-18T15:35:53.585] [DEBUG] debug-file - Executing task :entry:default@MakePackInfo
[2025-08-18T15:35:53.587] [DEBUG] debug-file - Incremental task entry:default@MakePackInfo pre-execution cost: 2 ms .
[2025-08-18T15:35:53.587] [DEBUG] debug-file - entry : default@MakePackInfo cost memory 0.174835205078125
[2025-08-18T15:35:53.588] [INFO] debug-file - UP-TO-DATE :entry:default@MakePackInfo...  
[2025-08-18T15:35:53.589] [DEBUG] debug-file - jsonObjWithoutParam {} at undefined
[2025-08-18T15:35:53.591] [DEBUG] debug-file - jsonObjWithoutParam {"name":"entry","version":"1.0.0","description":"Please describe the basic information.","main":"","author":"","license":"","dependencies":{}} at undefined
[2025-08-18T15:35:53.592] [DEBUG] debug-file - Executing task :entry:default@SyscapTransform
[2025-08-18T15:35:53.592] [DEBUG] debug-file - File: 'C:\Users\xingqiliang.DC\Desktop\OpenHarmony_HeartBeat_Monitor\entry\src\main\syscap.json' from 'sysCapJsonPath' is not exists, just ignore.
[2025-08-18T15:35:53.593] [DEBUG] debug-file - Task 'entry:default@SyscapTransform' cost while wrapping incremental declarations: 1 ms 
[2025-08-18T15:35:53.594] [DEBUG] debug-file - Incremental task entry:default@SyscapTransform pre-execution cost: 1 ms .
[2025-08-18T15:35:53.594] [DEBUG] debug-file - entry : default@SyscapTransform cost memory 0.13707733154296875
[2025-08-18T15:35:53.594] [INFO] debug-file - UP-TO-DATE :entry:default@SyscapTransform...  
[2025-08-18T15:35:53.597] [DEBUG] debug-file - jsonObjWithoutParam {} at undefined
[2025-08-18T15:35:53.597] [DEBUG] debug-file - jsonObjWithoutParam {"name":"entry","version":"1.0.0","description":"Please describe the basic information.","main":"","author":"","license":"","dependencies":{}} at undefined
[2025-08-18T15:35:53.598] [DEBUG] debug-file - Executing task :entry:default@ProcessProfile
[2025-08-18T15:35:53.602] [DEBUG] debug-file - Incremental task entry:default@ProcessProfile pre-execution cost: 2 ms .
[2025-08-18T15:35:53.602] [DEBUG] debug-file - entry : default@ProcessProfile cost memory 0.2002105712890625
[2025-08-18T15:35:53.602] [INFO] debug-file - UP-TO-DATE :entry:default@ProcessProfile...  
[2025-08-18T15:35:53.605] [DEBUG] debug-file - jsonObjWithoutParam {} at undefined
[2025-08-18T15:35:53.605] [DEBUG] debug-file - jsonObjWithoutParam {"name":"entry","version":"1.0.0","description":"Please describe the basic information.","main":"","author":"","license":"","dependencies":{}} at undefined
[2025-08-18T15:35:53.608] [DEBUG] debug-file - Executing task :entry:default@ProcessRouterMap
[2025-08-18T15:35:53.611] [DEBUG] debug-file - Incremental task entry:default@ProcessRouterMap pre-execution cost: 3 ms .
[2025-08-18T15:35:53.611] [DEBUG] debug-file - entry : default@ProcessRouterMap cost memory 0.16205596923828125
[2025-08-18T15:35:53.618] [INFO] debug-file - UP-TO-DATE :entry:default@ProcessRouterMap...  
[2025-08-18T15:35:53.621] [DEBUG] debug-file - jsonObjWithoutParam {} at undefined
[2025-08-18T15:35:53.621] [DEBUG] debug-file - jsonObjWithoutParam {"name":"entry","version":"1.0.0","description":"Please describe the basic information.","main":"","author":"","license":"","dependencies":{}} at undefined
[2025-08-18T15:35:53.622] [DEBUG] debug-file - Executing task :entry:default@BuildNativeWithNinja
[2025-08-18T15:35:53.622] [DEBUG] debug-file - jsonObjWithoutParam {} at undefined
[2025-08-18T15:35:53.622] [DEBUG] debug-file - jsonObjWithoutParam {"name":"entry","version":"1.0.0","description":"Please describe the basic information.","main":"","author":"","license":"","dependencies":{}} at undefined
[2025-08-18T15:35:53.623] [DEBUG] debug-file - entry : default@BuildNativeWithNinja cost memory 0.05782318115234375
[2025-08-18T15:35:53.623] [DEBUG] debug-file - runTaskFromQueue task cost before running: 317 ms 
[2025-08-18T15:35:53.624] [INFO] debug-file - Finished :entry:default@BuildNativeWithNinja... after 2 ms 
[2025-08-18T15:35:53.626] [DEBUG] debug-file - jsonObjWithoutParam {} at undefined
[2025-08-18T15:35:53.626] [DEBUG] debug-file - jsonObjWithoutParam {"name":"entry","version":"1.0.0","description":"Please describe the basic information.","main":"","author":"","license":"","dependencies":{}} at undefined
[2025-08-18T15:35:53.627] [DEBUG] debug-file - restool module names: entry; moduleName=entry, taskName=default@ProcessResource
[2025-08-18T15:35:53.629] [DEBUG] debug-file - Executing task :entry:default@ProcessResource
[2025-08-18T15:35:53.630] [DEBUG] debug-file - Incremental task entry:default@ProcessResource pre-execution cost: 1 ms .
[2025-08-18T15:35:53.630] [DEBUG] debug-file - entry : default@ProcessResource cost memory 0.16979217529296875
[2025-08-18T15:35:53.633] [INFO] debug-file - UP-TO-DATE :entry:default@ProcessResource...  
[2025-08-18T15:35:53.635] [DEBUG] debug-file - jsonObjWithoutParam {} at undefined
[2025-08-18T15:35:53.636] [DEBUG] debug-file - jsonObjWithoutParam {"name":"entry","version":"1.0.0","description":"Please describe the basic information.","main":"","author":"","license":"","dependencies":{}} at undefined
[2025-08-18T15:35:53.640] [DEBUG] debug-file - Executing task :entry:default@GenerateLoaderJson
[2025-08-18T15:35:53.649] [DEBUG] debug-file - Incremental task entry:default@GenerateLoaderJson pre-execution cost: 5 ms .
[2025-08-18T15:35:53.649] [DEBUG] debug-file - entry : default@GenerateLoaderJson cost memory 0.795440673828125
[2025-08-18T15:35:53.668] [INFO] debug-file - UP-TO-DATE :entry:default@GenerateLoaderJson...  
[2025-08-18T15:35:53.670] [DEBUG] debug-file - jsonObjWithoutParam {} at undefined
[2025-08-18T15:35:53.670] [DEBUG] debug-file - jsonObjWithoutParam {"name":"entry","version":"1.0.0","description":"Please describe the basic information.","main":"","author":"","license":"","dependencies":{}} at undefined
[2025-08-18T15:35:53.670] [DEBUG] debug-file - Executing task :entry:default@ProcessLibs
[2025-08-18T15:35:53.673] [DEBUG] debug-file - Incremental task entry:default@ProcessLibs pre-execution cost: 1 ms .
[2025-08-18T15:35:53.673] [DEBUG] debug-file - entry : default@ProcessLibs cost memory 0.27980804443359375
[2025-08-18T15:35:53.674] [INFO] debug-file - UP-TO-DATE :entry:default@ProcessLibs...  
[2025-08-18T15:35:53.675] [DEBUG] debug-file - jsonObjWithoutParam {} at undefined
[2025-08-18T15:35:53.676] [DEBUG] debug-file - jsonObjWithoutParam {"name":"entry","version":"1.0.0","description":"Please describe the basic information.","main":"","author":"","license":"","dependencies":{}} at undefined
[2025-08-18T15:35:53.676] [DEBUG] debug-file - restool module names: entry; moduleName=entry, taskName=default@CompileResource
[2025-08-18T15:35:53.678] [DEBUG] debug-file - Executing task :entry:default@CompileResource
[2025-08-18T15:35:53.685] [DEBUG] debug-file - Incremental task entry:default@CompileResource pre-execution cost: 6 ms .
[2025-08-18T15:35:53.685] [DEBUG] debug-file - entry : default@CompileResource cost memory 0.6007843017578125
[2025-08-18T15:35:53.686] [INFO] debug-file - UP-TO-DATE :entry:default@CompileResource...  
[2025-08-18T15:35:53.688] [DEBUG] debug-file - jsonObjWithoutParam {} at undefined
[2025-08-18T15:35:53.688] [DEBUG] debug-file - jsonObjWithoutParam {"name":"entry","version":"1.0.0","description":"Please describe the basic information.","main":"","author":"","license":"","dependencies":{}} at undefined
[2025-08-18T15:35:53.689] [DEBUG] debug-file - Executing task :entry:default@DoNativeStrip
[2025-08-18T15:35:53.690] [DEBUG] debug-file - Task 'entry:default@DoNativeStrip' cost while wrapping incremental declarations: 1 ms 
[2025-08-18T15:35:53.690] [DEBUG] debug-file - Incremental task entry:default@DoNativeStrip pre-execution cost: 1 ms .
[2025-08-18T15:35:53.691] [DEBUG] debug-file - entry : default@DoNativeStrip cost memory 0.07818603515625
[2025-08-18T15:35:53.691] [INFO] debug-file - UP-TO-DATE :entry:default@DoNativeStrip...  
[2025-08-18T15:35:53.693] [DEBUG] debug-file - jsonObjWithoutParam {} at undefined
[2025-08-18T15:35:53.693] [DEBUG] debug-file - jsonObjWithoutParam {"name":"entry","version":"1.0.0","description":"Please describe the basic information.","main":"","author":"","license":"","dependencies":{}} at undefined
[2025-08-18T15:35:53.696] [DEBUG] debug-file - Executing task :entry:default@CompileArkTS
[2025-08-18T15:35:53.706] [DEBUG] debug-file - Incremental task entry:default@CompileArkTS pre-execution cost: 6 ms .
[2025-08-18T15:35:53.706] [DEBUG] debug-file - entry : default@CompileArkTS cost memory 0.8557968139648438
[2025-08-18T15:35:53.708] [INFO] debug-file - UP-TO-DATE :entry:default@CompileArkTS...  
[2025-08-18T15:35:53.709] [DEBUG] debug-file - jsonObjWithoutParam {} at undefined
[2025-08-18T15:35:53.709] [DEBUG] debug-file - jsonObjWithoutParam {"name":"entry","version":"1.0.0","description":"Please describe the basic information.","main":"","author":"","license":"","dependencies":{}} at undefined
[2025-08-18T15:35:53.711] [DEBUG] debug-file - Executing task :entry:default@BuildJS
[2025-08-18T15:35:53.714] [DEBUG] debug-file - entry : default@BuildJS cost memory 0.30611419677734375
[2025-08-18T15:35:53.714] [DEBUG] debug-file - runTaskFromQueue task cost before running: 408 ms 
[2025-08-18T15:35:53.714] [INFO] debug-file - Finished :entry:default@BuildJS... after 3 ms 
[2025-08-18T15:35:53.716] [DEBUG] debug-file - jsonObjWithoutParam {} at undefined
[2025-08-18T15:35:53.716] [DEBUG] debug-file - jsonObjWithoutParam {"name":"entry","version":"1.0.0","description":"Please describe the basic information.","main":"","author":"","license":"","dependencies":{}} at undefined
[2025-08-18T15:35:53.717] [DEBUG] debug-file - Executing task :entry:default@CacheNativeLibs
[2025-08-18T15:35:53.717] [DEBUG] debug-file - Task 'entry:default@CacheNativeLibs' cost while wrapping incremental declarations: 1 ms 
[2025-08-18T15:35:53.718] [DEBUG] debug-file - Incremental task entry:default@CacheNativeLibs pre-execution cost: 1 ms .
[2025-08-18T15:35:53.718] [DEBUG] debug-file - entry : default@CacheNativeLibs cost memory 0.093170166015625
[2025-08-18T15:35:53.718] [INFO] debug-file - UP-TO-DATE :entry:default@CacheNativeLibs...  
[2025-08-18T15:35:53.719] [DEBUG] debug-file - jsonObjWithoutParam {} at undefined
[2025-08-18T15:35:53.719] [DEBUG] debug-file - jsonObjWithoutParam {"name":"entry","version":"1.0.0","description":"Please describe the basic information.","main":"","author":"","license":"","dependencies":{}} at undefined
[2025-08-18T15:35:53.720] [DEBUG] debug-file - Executing task :entry:default@GeneratePkgModuleJson
[2025-08-18T15:35:53.720] [DEBUG] debug-file - Task 'entry:default@GeneratePkgModuleJson' cost while wrapping incremental declarations: 1 ms 
[2025-08-18T15:35:53.721] [DEBUG] debug-file - Incremental task entry:default@GeneratePkgModuleJson pre-execution cost: 1 ms .
[2025-08-18T15:35:53.721] [DEBUG] debug-file - entry : default@GeneratePkgModuleJson cost memory 0.07564544677734375
[2025-08-18T15:35:53.721] [INFO] debug-file - UP-TO-DATE :entry:default@GeneratePkgModuleJson...  
[2025-08-18T15:35:53.722] [DEBUG] debug-file - jsonObjWithoutParam {} at undefined
[2025-08-18T15:35:53.723] [DEBUG] debug-file - jsonObjWithoutParam {"name":"entry","version":"1.0.0","description":"Please describe the basic information.","main":"","author":"","license":"","dependencies":{}} at undefined
[2025-08-18T15:35:53.726] [DEBUG] debug-file - Executing task :entry:default@PackageHap
[2025-08-18T15:35:53.732] [DEBUG] debug-file - Incremental task entry:default@PackageHap pre-execution cost: 6 ms .
[2025-08-18T15:35:53.733] [DEBUG] debug-file - entry : default@PackageHap cost memory 0.5529632568359375
[2025-08-18T15:35:53.734] [INFO] debug-file - UP-TO-DATE :entry:default@PackageHap...  
[2025-08-18T15:35:53.735] [DEBUG] debug-file - jsonObjWithoutParam {} at undefined
[2025-08-18T15:35:53.735] [DEBUG] debug-file - jsonObjWithoutParam {"name":"entry","version":"1.0.0","description":"Please describe the basic information.","main":"","author":"","license":"","dependencies":{}} at undefined
[2025-08-18T15:35:53.737] [DEBUG] debug-file - Executing task :entry:default@SignHap
[2025-08-18T15:35:53.738] [DEBUG] debug-file - Incremental task entry:default@SignHap pre-execution cost: 2 ms .
[2025-08-18T15:35:53.738] [DEBUG] debug-file - entry : default@SignHap cost memory 0.10938262939453125
[2025-08-18T15:35:53.738] [INFO] debug-file - UP-TO-DATE :entry:default@SignHap...  
[2025-08-18T15:35:53.739] [DEBUG] debug-file - jsonObjWithoutParam {} at undefined
[2025-08-18T15:35:53.739] [DEBUG] debug-file - jsonObjWithoutParam {"name":"entry","version":"1.0.0","description":"Please describe the basic information.","main":"","author":"","license":"","dependencies":{}} at undefined
[2025-08-18T15:35:53.740] [DEBUG] debug-file - Executing task :entry:default@CollectDebugSymbol
[2025-08-18T15:35:53.743] [DEBUG] debug-file - jsonObjWithoutParam {} at undefined
[2025-08-18T15:35:53.743] [DEBUG] debug-file - jsonObjWithoutParam {"name":"entry","version":"1.0.0","description":"Please describe the basic information.","main":"","author":"","license":"","dependencies":{}} at undefined
[2025-08-18T15:35:53.743] [DEBUG] debug-file - entry : default@CollectDebugSymbol cost memory 0.240264892578125
[2025-08-18T15:35:53.743] [DEBUG] debug-file - runTaskFromQueue task cost before running: 436 ms 
[2025-08-18T15:35:53.743] [INFO] debug-file - Finished :entry:default@CollectDebugSymbol... after 3 ms 
[2025-08-18T15:35:53.744] [DEBUG] debug-file - Executing task :entry:assembleHap
[2025-08-18T15:35:53.744] [DEBUG] debug-file - entry : assembleHap cost memory 0.0117950439453125
[2025-08-18T15:35:53.744] [DEBUG] debug-file - runTaskFromQueue task cost before running: 438 ms 
[2025-08-18T15:35:53.744] [INFO] debug-file - Finished :entry:assembleHap... after 1 ms 
[2025-08-18T15:35:53.751] [DEBUG] debug-file - BUILD SUCCESSFUL in 445 ms 
[2025-08-18T15:35:53.752] [DEBUG] debug-file - There is no need to refresh cache, since the incremental task entry:default@PreBuild is up-to-date.
[2025-08-18T15:35:53.752] [DEBUG] debug-file - Update task entry:default@CreateModuleInfo output file:C:\Users\xingqiliang.DC\Desktop\OpenHarmony_HeartBeat_Monitor\entry\build\default\generated\profile\default\ModuleInfo.ts cache.
[2025-08-18T15:35:53.752] [DEBUG] debug-file - Incremental task entry:default@CreateModuleInfo post-execution cost:1 ms .
[2025-08-18T15:35:53.752] [DEBUG] debug-file - There is no need to refresh cache, since the incremental task entry:default@GenerateMetadata is up-to-date.
[2025-08-18T15:35:53.752] [DEBUG] debug-file - There is no need to refresh cache, since the incremental task entry:default@MergeProfile is up-to-date.
[2025-08-18T15:35:53.752] [DEBUG] debug-file - There is no need to refresh cache, since the incremental task entry:default@CreateBuildProfile is up-to-date.
[2025-08-18T15:35:53.752] [DEBUG] debug-file - Update task entry:default@GeneratePkgContextInfo output file:C:\Users\xingqiliang.DC\Desktop\OpenHarmony_HeartBeat_Monitor\entry\build\default\intermediates\loader\default\pkgContextInfo.json cache.
[2025-08-18T15:35:53.752] [DEBUG] debug-file - Incremental task entry:default@GeneratePkgContextInfo post-execution cost:1 ms .
[2025-08-18T15:35:53.753] [DEBUG] debug-file - Update task entry:default@ProcessIntegratedHsp output file:C:\Users\xingqiliang.DC\Desktop\OpenHarmony_HeartBeat_Monitor\build\cache\default\integrated_hsp\integratedHspCache.json cache.
[2025-08-18T15:35:53.753] [DEBUG] debug-file - Incremental task entry:default@ProcessIntegratedHsp post-execution cost:1 ms .
[2025-08-18T15:35:53.753] [DEBUG] debug-file - There is no need to refresh cache, since the incremental task entry:default@MakePackInfo is up-to-date.
[2025-08-18T15:35:53.753] [DEBUG] debug-file - There is no need to refresh cache, since the incremental task entry:default@SyscapTransform is up-to-date.
[2025-08-18T15:35:53.753] [DEBUG] debug-file - There is no need to refresh cache, since the incremental task entry:default@ProcessProfile is up-to-date.
[2025-08-18T15:35:53.753] [DEBUG] debug-file - There is no need to refresh cache, since the incremental task entry:default@ProcessRouterMap is up-to-date.
[2025-08-18T15:35:53.753] [DEBUG] debug-file - There is no need to refresh cache, since the incremental task entry:default@ProcessResource is up-to-date.
[2025-08-18T15:35:53.753] [DEBUG] debug-file - There is no need to refresh cache, since the incremental task entry:default@GenerateLoaderJson is up-to-date.
[2025-08-18T15:35:53.753] [DEBUG] debug-file - There is no need to refresh cache, since the incremental task entry:default@ProcessLibs is up-to-date.
[2025-08-18T15:35:53.753] [DEBUG] debug-file - There is no need to refresh cache, since the incremental task entry:default@CompileResource is up-to-date.
[2025-08-18T15:35:53.753] [DEBUG] debug-file - There is no need to refresh cache, since the incremental task entry:default@DoNativeStrip is up-to-date.
[2025-08-18T15:35:53.753] [DEBUG] debug-file - There is no need to refresh cache, since the incremental task entry:default@CompileArkTS is up-to-date.
[2025-08-18T15:35:53.754] [DEBUG] debug-file - Update task entry:default@BuildJS input file:C:\Users\xingqiliang.DC\Desktop\OpenHarmony_HeartBeat_Monitor\entry\build\default\intermediates\loader\default cache by regenerate.
[2025-08-18T15:35:53.754] [DEBUG] debug-file - Update task entry:default@BuildJS input file:C:\Users\xingqiliang.DC\Desktop\OpenHarmony_HeartBeat_Monitor\entry\build\default\intermediates\res\default\ResourceTable.txt cache by regenerate.
[2025-08-18T15:35:53.754] [DEBUG] debug-file - Update task entry:default@BuildJS input file:C:\Users\xingqiliang.DC\Desktop\OpenHarmony_HeartBeat_Monitor\entry\build\default\intermediates\res\default\ark_module.json cache by regenerate.
[2025-08-18T15:35:53.755] [DEBUG] debug-file - Update task entry:default@BuildJS input file:C:\Users\xingqiliang.DC\Desktop\OpenHarmony_HeartBeat_Monitor\entry\build\default\intermediates\res\default\resources\base\profile cache by regenerate.
[2025-08-18T15:35:53.755] [DEBUG] debug-file - Update task entry:default@BuildJS output file:C:\Users\xingqiliang.DC\Desktop\OpenHarmony_HeartBeat_Monitor\entry\build\default\intermediates\loader_out\default\js cache.
[2025-08-18T15:35:53.756] [DEBUG] debug-file - Incremental task entry:default@BuildJS post-execution cost:3 ms .
[2025-08-18T15:35:53.756] [DEBUG] debug-file - There is no need to refresh cache, since the incremental task entry:default@CacheNativeLibs is up-to-date.
[2025-08-18T15:35:53.756] [DEBUG] debug-file - There is no need to refresh cache, since the incremental task entry:default@GeneratePkgModuleJson is up-to-date.
[2025-08-18T15:35:53.756] [DEBUG] debug-file - There is no need to refresh cache, since the incremental task entry:default@PackageHap is up-to-date.
[2025-08-18T15:35:53.756] [DEBUG] debug-file - There is no need to refresh cache, since the incremental task entry:default@SignHap is up-to-date.
[2025-08-18T15:35:53.758] [DEBUG] debug-file - Update task entry:default@CollectDebugSymbol input file:C:\Users\xingqiliang.DC\Desktop\OpenHarmony_HeartBeat_Monitor\entry\build\default\intermediates\loader_out\default\ets\sourceMaps.map cache by regenerate.
[2025-08-18T15:35:53.758] [DEBUG] debug-file - Update task entry:default@CollectDebugSymbol input file:C:\Users\xingqiliang.DC\Desktop\OpenHarmony_HeartBeat_Monitor\entry\build\default\intermediates\libs\default cache by regenerate.
[2025-08-18T15:35:53.758] [DEBUG] debug-file - Update task entry:default@CollectDebugSymbol output file:C:\Users\xingqiliang.DC\Desktop\OpenHarmony_HeartBeat_Monitor\entry\build\default\outputs\default\symbol cache.
[2025-08-18T15:35:53.758] [DEBUG] debug-file - Incremental task entry:default@CollectDebugSymbol post-execution cost:3 ms .
[2025-08-18T15:35:53.778] [DEBUG] debug-file - Current worker pool is stopped or closed.
[2025-08-18T15:35:53.778] [DEBUG] debug-file - Clear worker 0.
[2025-08-18T15:35:53.778] [DEBUG] debug-file - Worker 0 has been cleared.
[2025-08-18T15:35:53.778] [DEBUG] debug-file - Current idle worker size: 1.
[2025-08-18T15:35:53.778] [DEBUG] debug-file - Current busy worker size: 0.
[2025-08-18T15:35:53.778] [DEBUG] debug-file - Clear worker 1.
[2025-08-18T15:35:53.778] [DEBUG] debug-file - Worker 1 has been cleared.
[2025-08-18T15:35:53.778] [DEBUG] debug-file - Current idle worker size: 0.
[2025-08-18T15:35:53.778] [DEBUG] debug-file - Current busy worker size: 0.
[2025-08-18T15:35:53.778] [DEBUG] debug-file - hvigor build process will be closed.
[2025-08-18T15:35:53.779] [DEBUG] debug-file - Current worker pool is terminated.
[2025-08-18T15:35:53.789] [DEBUG] debug-file - session manager: send message to worker process.
[2025-08-18T15:35:53.790] [DEBUG] debug-file - session manager: send message to worker process.
[2025-08-18T15:35:53.802] [DEBUG] debug-file - worker[0] exits with exit code 1.
[2025-08-18T15:35:53.803] [DEBUG] debug-file - worker[1] exits with exit code 1.
[2025-08-18T15:35:53.804] [DEBUG] debug-file - watch worker: worker id should be larger than 0. Nothing will be sent to any worker thread.
[2025-08-18T15:35:53.804] [DEBUG] debug-file - watch worker: worker id should be larger than 0. Nothing will be sent to any worker thread.
